time,pitch,roll,yaw
0.0,-0.0,0.0,0.0
0.005,-0.0,0.15707317311820676,0.0
0.01,-0.0,0.3141075907812829,0.0
0.015,-0.0,0.4710645070964265,0.0
0.02,-0.0,0.6279051952931338,0.0
0.025,-0.0,0.7845909572784494,0.0
0.030000000000000002,-0.0,0.9410831331851431,0.0
0.035,-0.0,1.0973431109104528,0.0
0.04,-0.0,1.2533323356430426,0.0
0.045,-0.0,1.4090123193758266,0.0
0.049999999999999996,-0.0,1.5643446504023086,0.0
0.05499999999999999,-0.0,1.7192910027940949,0.0
0.05999999999999999,-0.0,1.8738131458572458,0.0
0.06499999999999999,-0.0,2.027872953565125,0.0
0.06999999999999999,-0.0,2.1814324139654255,0.0
0.075,-0.0,2.334453638559054,0.0
0.08,-0.0,2.486898871648548,0.0
0.085,-0.0,2.6387304996537293,0.0
0.09000000000000001,-0.0,2.789911060392293,0.0
0.09500000000000001,-0.0,2.94040325232304,0.0
0.10000000000000002,-0.0,3.0901699437494745,0.0
0.10500000000000002,-0.0,3.239174181981495,0.0
0.11000000000000003,-0.0,3.3873792024529155,0.0
0.11500000000000003,-0.0,3.5347484377925724,0.0
0.12000000000000004,-0.0,3.6812455268467814,0.0
0.12500000000000003,-0.0,3.8268343236508984,0.0
0.13000000000000003,-0.0,3.9714789063478073,0.0
0.13500000000000004,-0.0,4.115143586051088,0.0
0.14000000000000004,-0.0,4.257792915650729,0.0
0.14500000000000005,-0.0,4.399391698559152,0.0
0.15000000000000005,-0.0,4.539904997395469,0.0
0.15500000000000005,-0.0,4.679298142605735,0.0
0.16000000000000006,-0.0,4.817536741017154,0.0
0.16500000000000006,-0.0,4.9545866843240765,0.0
0.17000000000000007,-0.0,5.090414157503715,0.0
0.17500000000000007,-0.0,5.224985647159491,0.0
0.18000000000000008,-0.0,5.358267949789967,0.0
0.18500000000000008,-0.0,5.490228179981319,0.0
0.19000000000000009,-0.0,5.620833778521307,0.0
0.1950000000000001,-0.0,5.750052520432788,0.0
0.2000000000000001,-0.0,5.877852522924734,0.0
0.2050000000000001,-0.0,6.0042022532588435,0.0
0.2100000000000001,-0.0,6.129070536529769,0.0
0.2150000000000001,-0.0,6.252426563357053,0.0
0.2200000000000001,-0.0,6.374239897486901,0.0
0.22500000000000012,-0.0,6.494480483301839,0.0
0.23000000000000012,-0.0,6.613118653236521,0.0
0.23500000000000013,-0.0,6.730125135097734,0.0
0.24000000000000013,-0.0,6.84547105928689,0.0
0.24500000000000013,-0.0,6.959127965923146,0.0
0.2500000000000001,-0.0,7.071067811865477,0.0
0.2550000000000001,-0.0,7.18126297763189,0.0
0.2600000000000001,-0.0,7.289686274214118,0.0
0.2650000000000001,-0.0,7.396310949786099,0.0
0.27000000000000013,-0.0,7.5011106963045995,0.0
0.27500000000000013,-0.0,7.604059656000312,0.0
0.28000000000000014,-0.0,7.7051324277578965,0.0
0.28500000000000014,-0.0,7.804304073383301,0.0
0.29000000000000015,-0.0,7.901550123756906,0.0
0.29500000000000015,-0.0,7.996846584870908,0.0
0.30000000000000016,-0.0,8.090169943749476,0.0
0.30500000000000016,-0.0,8.181497174250236,0.0
0.31000000000000016,-0.0,8.27080574274562,0.0
0.31500000000000017,-0.0,8.358073613682706,0.0
0.3200000000000002,-0.0,8.443279255020155,0.0
0.3250000000000002,-0.0,8.526401643540924,0.0
0.3300000000000002,-0.0,8.607420270039439,0.0
0.3350000000000002,-0.0,8.686315144381913,0.0
0.3400000000000002,-0.0,8.76306680043864,0.0
0.3450000000000002,-0.0,8.837656300886936,0.0
0.3500000000000002,-0.0,8.910065241883682,0.0
0.3550000000000002,-0.0,8.980275757606158,0.0
0.3600000000000002,-0.0,9.048270524660198,0.0
0.3650000000000002,-0.0,9.114032766354455,0.0
0.3700000000000002,-0.0,9.177546256839817,0.0
0.3750000000000002,-0.0,9.23879532511287,0.0
0.3800000000000002,-0.0,9.29776485888252,0.0
0.38500000000000023,-0.0,9.354440308298674,0.0
0.39000000000000024,-0.0,9.408807689542257,0.0
0.39500000000000024,-0.0,9.460853588275455,0.0
0.40000000000000024,-0.0,9.510565162951538,0.0
0.40500000000000025,-0.0,9.557930147983303,0.0
0.41000000000000025,-0.0,9.602936856769432,0.0
0.41500000000000026,-0.0,9.645574184577981,0.0
0.42000000000000026,-0.0,9.685831611286313,0.0
0.42500000000000027,-0.0,9.723699203976768,0.0
0.43000000000000027,-0.0,9.759167619387478,0.0
0.4350000000000003,-0.0,9.79222810621766,0.0
0.4400000000000003,-0.0,9.822872507286888,0.0
0.4450000000000003,-0.0,9.85109326154774,0.0
0.4500000000000003,-0.0,9.876883405951379,0.0
0.4550000000000003,-0.0,9.900236577165577,0.0
0.4600000000000003,-0.0,9.921147013144779,0.0
0.4650000000000003,-0.0,9.939609554551797,0.0
0.4700000000000003,-0.0,9.9556196460308,0.0
0.4750000000000003,-0.0,9.96917333733128,0.0
0.4800000000000003,-0.0,9.980267284282716,0.0
0.4850000000000003,-0.0,9.9888987496197,0.0
0.4900000000000003,-0.0,9.995065603657316,0.0
0.49500000000000033,-0.0,9.998766324816605,0.0
0.5000000000000003,-0.0,10.0,0.0
0.5050000000000003,-0.0,9.998766324816605,0.0
0.5100000000000003,-0.0,9.995065603657315,0.0
0.5150000000000003,-0.0,9.988898749619699,0.0
0.5200000000000004,-0.0,9.980267284282714,0.0
0.5250000000000004,-0.0,9.96917333733128,0.0
0.5300000000000004,-0.0,9.955619646030799,0.0
0.5350000000000004,-0.0,9.939609554551796,0.0
0.5400000000000004,-0.0,9.921147013144777,0.0
0.5450000000000004,-0.0,9.900236577165574,0.0
0.5500000000000004,-0.0,9.876883405951377,0.0
0.5550000000000004,-0.0,9.851093261547737,0.0
0.5600000000000004,-0.0,9.822872507286885,0.0
0.5650000000000004,-0.0,9.792228106217655,0.0
0.5700000000000004,-0.0,9.75916761938747,0.0
0.5750000000000004,-0.0,9.723699203976764,0.0
0.5800000000000004,-0.0,9.685831611286309,0.0
0.5850000000000004,-0.0,9.645574184577976,0.0
0.5900000000000004,-0.0,9.602936856769427,0.0
0.5950000000000004,-0.0,9.5579301479833,0.0
0.6000000000000004,-0.0,9.510565162951533,0.0
0.6050000000000004,-0.0,9.460853588275448,0.0
0.6100000000000004,-0.0,9.40880768954225,0.0
0.6150000000000004,-0.0,9.35444030829867,0.0
0.6200000000000004,-0.0,9.297764858882509,0.0
0.6250000000000004,-0.0,9.238795325112862,0.0
0.6300000000000004,-0.0,9.177546256839806,0.0
0.6350000000000005,-0.0,9.114032766354448,0.0
0.6400000000000005,-0.0,9.04827052466019,0.0
0.6450000000000005,-0.0,8.980275757606151,0.0
0.6500000000000005,-0.0,8.910065241883675,0.0
0.6550000000000005,-0.0,8.837656300886927,0.0
0.6600000000000005,-0.0,8.76306680043863,0.0
0.6650000000000005,-0.0,8.686315144381904,0.0
0.6700000000000005,-0.0,8.60742027003943,0.0
0.6750000000000005,-0.0,8.526401643540915,0.0
0.6800000000000005,-0.0,8.44327925502014,0.0
0.6850000000000005,-0.0,8.358073613682693,0.0
0.6900000000000005,-0.0,8.27080574274561,0.0
0.6950000000000005,-0.0,8.181497174250227,0.0
0.7000000000000005,-0.0,8.090169943749464,0.0
0.7050000000000005,-0.0,7.996846584870897,0.0
0.7100000000000005,-0.0,7.901550123756895,0.0
0.7150000000000005,-0.0,7.804304073383287,0.0
0.7200000000000005,-0.0,7.705132427757882,0.0
0.7250000000000005,-0.0,7.604059656000297,0.0
0.7300000000000005,-0.0,7.501110696304584,0.0
0.7350000000000005,-0.0,7.396310949786087,0.0
0.7400000000000005,-0.0,7.289686274214104,0.0
0.7450000000000006,-0.0,7.181262977631877,0.0
0.7500000000000006,-0.0,7.071067811865463,0.0
0.7550000000000006,-0.0,6.959127965923132,0.0
0.7600000000000006,-0.0,6.845471059286875,0.0
0.7650000000000006,-0.0,6.730125135097721,0.0
0.7700000000000006,-0.0,6.613118653236504,0.0
0.7750000000000006,-0.0,6.494480483301823,0.0
0.7800000000000006,-0.0,6.374239897486885,0.0
0.7850000000000006,-0.0,6.252426563357037,0.0
0.7900000000000006,-0.0,6.129070536529752,0.0
0.7950000000000006,-0.0,6.004202253258827,0.0
0.8000000000000006,-0.0,5.877852522924718,0.0
0.8050000000000006,-0.0,5.750052520432773,0.0
0.8100000000000006,-0.0,5.62083377852129,0.0
0.8150000000000006,-0.0,5.490228179981303,0.0
0.8200000000000006,-0.0,5.35826794978995,0.0
0.8250000000000006,-0.0,5.224985647159475,0.0
0.8300000000000006,-0.0,5.0904141575036945,0.0
0.8350000000000006,-0.0,4.954586684324059,0.0
0.8400000000000006,-0.0,4.817536741017135,0.0
0.8450000000000006,-0.0,4.6792981426057185,0.0
0.8500000000000006,-0.0,4.539904997395449,0.0
0.8550000000000006,-0.0,4.399391698559133,0.0
0.8600000000000007,-0.0,4.257792915650709,0.0
0.8650000000000007,-0.0,4.115143586051071,0.0
0.8700000000000007,-0.0,3.97147890634779,0.0
0.8750000000000007,-0.0,3.826834323650879,0.0
0.8800000000000007,-0.0,3.6812455268467614,0.0
0.8850000000000007,-0.0,3.5347484377925533,0.0
0.8900000000000007,-0.0,3.387379202452897,0.0
0.8950000000000007,-0.0,3.239174181981474,0.0
0.9000000000000007,-0.0,3.0901699437494545,0.0
0.9050000000000007,-0.0,2.9404032523230206,0.0
0.9100000000000007,-0.0,2.7899110603922743,0.0
0.9150000000000007,-0.0,2.638730499653707,0.0
0.9200000000000007,-0.0,2.4868988716485267,0.0
0.9250000000000007,-0.0,2.3344536385590335,0.0
0.9300000000000007,-0.0,2.181432413965406,0.0
0.9350000000000007,-0.0,2.0278729535651054,0.0
0.9400000000000007,-0.0,1.8738131458572238,0.0
0.9450000000000007,-0.0,1.719291002794074,0.0
0.9500000000000007,-0.0,1.564344650402288,0.0
0.9550000000000007,-0.0,1.4090123193758066,0.0
0.9600000000000007,-0.0,1.253332335643019,0.0
0.9650000000000007,-0.0,1.0973431109104301,0.0
0.9700000000000008,-0.0,0.9410831331851214,0.0
0.9750000000000008,-0.0,0.7845909572784284,0.0
0.9800000000000008,-0.0,0.6279051952931094,0.0
0.9850000000000008,-0.0,0.4710645070964031,0.0
0.9900000000000008,-0.0,0.31410759078126016,0.0
0.9950000000000008,-0.0,0.1570731731181849,0.0
1.0000000000000007,-0.0,-2.097981369335578e-14,0.0
1.0050000000000006,-0.0,-0.1570731731182224,0.0
1.0100000000000005,-0.0,-0.3141075907812977,0.0
1.0150000000000003,-0.0,-0.471064507096436,0.0
1.0200000000000002,-0.0,-0.6279051952931379,0.0
1.0250000000000001,-0.0,-0.7845909572784527,0.0
1.03,-0.0,-0.941083133185141,0.0
1.035,-0.0,-1.0973431109104497,0.0
1.0399999999999998,-0.0,-1.2533323356430341,0.0
1.0449999999999997,-0.0,-1.4090123193758175,0.0
1.0499999999999996,-0.0,-1.5643446504022942,0.0
1.0549999999999995,-0.0,-1.7192910027940802,0.0
1.0599999999999994,-0.0,-1.8738131458572258,0.0
1.0649999999999993,-0.0,-2.027872953565103,0.0
1.0699999999999992,-0.0,-2.181432413965399,0.0
1.074999999999999,-0.0,-2.3344536385590224,0.0
1.079999999999999,-0.0,-2.4868988716485156,0.0
1.0849999999999989,-0.0,-2.638730499653692,0.0
1.0899999999999987,-0.0,-2.7899110603922543,0.0
1.0949999999999986,-0.0,-2.940403252322997,0.0
1.0999999999999985,-0.0,-3.09016994374943,0.0
1.1049999999999984,-0.0,-3.2391741819814457,0.0
1.1099999999999983,-0.0,-3.387379202452865,0.0
1.1149999999999982,-0.0,-3.534748437792517,0.0
1.119999999999998,-0.0,-3.6812455268467215,0.0
1.124999999999998,-0.0,-3.8268343236508393,0.0
1.129999999999998,-0.0,-3.971478906347743,0.0
1.1349999999999978,-0.0,-4.115143586051024,0.0
1.1399999999999977,-0.0,-4.257792915650659,0.0
1.1449999999999976,-0.0,-4.399391698559084,0.0
1.1499999999999975,-0.0,-4.5399049973953955,0.0
1.1549999999999974,-0.0,-4.679298142605662,0.0
1.1599999999999973,-0.0,-4.817536741017077,0.0
1.1649999999999971,-0.0,-4.954586684323995,0.0
1.169999999999997,-0.0,-5.090414157503633,0.0
1.174999999999997,-0.0,-5.2249856471594045,0.0
1.1799999999999968,-0.0,-5.358267949789881,0.0
1.1849999999999967,-0.0,-5.49022817998123,0.0
1.1899999999999966,-0.0,-5.620833778521218,0.0
1.1949999999999965,-0.0,-5.750052520432694,0.0
1.1999999999999964,-0.0,-5.87785252292464,0.0
1.2049999999999963,-0.0,-6.004202253258745,0.0
1.2099999999999962,-0.0,-6.129070536529668,0.0
1.214999999999996,-0.0,-6.252426563356956,0.0
1.219999999999996,-0.0,-6.374239897486797,0.0
1.2249999999999959,-0.0,-6.494480483301738,0.0
1.2299999999999958,-0.0,-6.613118653236417,0.0
1.2349999999999957,-0.0,-6.730125135097633,0.0
1.2399999999999956,-0.0,-6.845471059286783,0.0
1.2449999999999954,-0.0,-6.959127965923041,0.0
1.2499999999999953,-0.0,-7.071067811865372,0.0
1.2549999999999952,-0.0,-7.181262977631781,0.0
1.2599999999999951,-0.0,-7.28968627421401,0.0
1.264999999999995,-0.0,-7.396310949785988,0.0
1.269999999999995,-0.0,-7.501110696304489,0.0
1.2749999999999948,-0.0,-7.604059656000201,0.0
1.2799999999999947,-0.0,-7.705132427757786,0.0
1.2849999999999946,-0.0,-7.804304073383192,0.0
1.2899999999999945,-0.0,-7.901550123756796,0.0
1.2949999999999944,-0.0,-7.9968465848707995,0.0
1.2999999999999943,-0.0,-8.090169943749371,0.0
1.3049999999999942,-0.0,-8.181497174250126,0.0
1.309999999999994,-0.0,-8.270805742745514,0.0
1.314999999999994,-0.0,-8.358073613682597,0.0
1.3199999999999938,-0.0,-8.443279255020048,0.0
1.3249999999999937,-0.0,-8.526401643540817,0.0
1.3299999999999936,-0.0,-8.607420270039333,0.0
1.3349999999999935,-0.0,-8.686315144381812,0.0
1.3399999999999934,-0.0,-8.763066800438539,0.0
1.3449999999999933,-0.0,-8.837656300886835,0.0
1.3499999999999932,-0.0,-8.910065241883581,0.0
1.354999999999993,-0.0,-8.98027575760606,0.0
1.359999999999993,-0.0,-9.048270524660099,0.0
1.3649999999999929,-0.0,-9.11403276635436,0.0
1.3699999999999928,-0.0,-9.177546256839722,0.0
1.3749999999999927,-0.0,-9.238795325112779,0.0
1.3799999999999926,-0.0,-9.297764858882426,0.0
1.3849999999999925,-0.0,-9.354440308298589,0.0
1.3899999999999924,-0.0,-9.408807689542176,0.0
1.3949999999999922,-0.0,-9.460853588275372,0.0
1.3999999999999921,-0.0,-9.510565162951458,0.0
1.404999999999992,-0.0,-9.557930147983228,0.0
1.409999999999992,-0.0,-9.602936856769361,0.0
1.4149999999999918,-0.0,-9.645574184577912,0.0
1.4199999999999917,-0.0,-9.685831611286247,0.0
1.4249999999999916,-0.0,-9.723699203976704,0.0
1.4299999999999915,-0.0,-9.759167619387416,0.0
1.4349999999999914,-0.0,-9.792228106217602,0.0
1.4399999999999913,-0.0,-9.822872507286835,0.0
1.4449999999999912,-0.0,-9.851093261547692,0.0
1.449999999999991,-0.0,-9.876883405951332,0.0
1.454999999999991,-0.0,-9.900236577165536,0.0
1.4599999999999909,-0.0,-9.92114701314474,0.0
1.4649999999999908,-0.0,-9.939609554551765,0.0
1.4699999999999906,-0.0,-9.955619646030772,0.0
1.4749999999999905,-0.0,-9.969173337331256,0.0
1.4799999999999904,-0.0,-9.980267284282695,0.0
1.4849999999999903,-0.0,-9.988898749619684,0.0
1.4899999999999902,-0.0,-9.995065603657308,0.0
1.4949999999999901,-0.0,-9.998766324816602,0.0
1.49999999999999,-0.0,-10.0,0.0
1.50499999999999,-0.0,-9.998766324816609,0.0
1.5099999999999898,-0.0,-9.995065603657325,0.0
1.5149999999999897,-0.0,-9.988898749619715,0.0
1.5199999999999896,-0.0,-9.980267284282736,0.0
1.5249999999999895,-0.0,-9.969173337331304,0.0
1.5299999999999894,-0.0,-9.955619646030833,0.0
1.5349999999999893,-0.0,-9.939609554551833,0.0
1.5399999999999892,-0.0,-9.921147013144823,0.0
1.544999999999989,-0.0,-9.900236577165625,0.0
1.549999999999989,-0.0,-9.876883405951432,0.0
1.5549999999999888,-0.0,-9.851093261547799,0.0
1.5599999999999887,-0.0,-9.822872507286954,0.0
1.5649999999999886,-0.0,-9.792228106217733,0.0
1.5699999999999885,-0.0,-9.759167619387553,0.0
1.5749999999999884,-0.0,-9.72369920397685,0.0
1.5799999999999883,-0.0,-9.685831611286401,0.0
1.5849999999999882,-0.0,-9.645574184578079,0.0
1.589999999999988,-0.0,-9.602936856769537,0.0
1.594999999999988,-0.0,-9.557930147983413,0.0
1.5999999999999879,-0.0,-9.510565162951654,0.0
1.6049999999999878,-0.0,-9.460853588275578,0.0
1.6099999999999877,-0.0,-9.408807689542387,0.0
1.6149999999999876,-0.0,-9.354440308298813,0.0
1.6199999999999875,-0.0,-9.297764858882658,0.0
1.6249999999999873,-0.0,-9.23879532511302,0.0
1.6299999999999872,-0.0,-9.177546256839975,0.0
1.6349999999999871,-0.0,-9.114032766354622,0.0
1.639999999999987,-0.0,-9.048270524660369,0.0
1.644999999999987,-0.0,-8.980275757606336,0.0
1.6499999999999868,-0.0,-8.91006524188387,0.0
1.6549999999999867,-0.0,-8.837656300887131,0.0
1.6599999999999866,-0.0,-8.763066800438839,0.0
1.6649999999999865,-0.0,-8.686315144382121,0.0
1.6699999999999864,-0.0,-8.607420270039656,0.0
1.6749999999999863,-0.0,-8.52640164354115,0.0
1.6799999999999862,-0.0,-8.443279255020382,0.0
1.684999999999986,-0.0,-8.358073613682945,0.0
1.689999999999986,-0.0,-8.270805742745866,0.0
1.6949999999999859,-0.0,-8.18149717425049,0.0
1.6999999999999857,-0.0,-8.090169943749736,0.0
1.7049999999999856,-0.0,-7.99684658487118,0.0
1.7099999999999855,-0.0,-7.901550123757184,0.0
1.7149999999999854,-0.0,-7.804304073383583,0.0
1.7199999999999853,-0.0,-7.7051324277581905,0.0
1.7249999999999852,-0.0,-7.6040596560006115,0.0
1.729999999999985,-0.0,-7.501110696304906,0.0
1.734999999999985,-0.0,-7.396310949786415,0.0
1.739999999999985,-0.0,-7.289686274214444,0.0
1.7449999999999848,-0.0,-7.181262977632222,0.0
1.7499999999999847,-0.0,-7.071067811865816,0.0
1.7549999999999846,-0.0,-6.95912796592349,0.0
1.7599999999999845,-0.0,-6.845471059287247,0.0
1.7649999999999844,-0.0,-6.730125135098098,0.0
1.7699999999999843,-0.0,-6.613118653236889,0.0
1.7749999999999841,-0.0,-6.49448048330222,0.0
1.779999999999984,-0.0,-6.3742398974872865,0.0
1.784999999999984,-0.0,-6.252426563357446,0.0
1.7899999999999838,-0.0,-6.1290705365301665,0.0
1.7949999999999837,-0.0,-6.004202253259253,0.0
1.7999999999999836,-0.0,-5.877852522925151,0.0
1.8049999999999835,-0.0,-5.750052520433211,0.0
1.8099999999999834,-0.0,-5.6208337785217415,0.0
1.8149999999999833,-0.0,-5.49022817998176,0.0
1.8199999999999832,-0.0,-5.358267949790414,0.0
1.824999999999983,-0.0,-5.224985647159942,0.0
1.829999999999983,-0.0,-5.090414157504179,0.0
1.8349999999999829,-0.0,-4.954586684324545,0.0
1.8399999999999828,-0.0,-4.817536741017628,0.0
1.8449999999999827,-0.0,-4.679298142606213,0.0
1.8499999999999825,-0.0,-4.53990499739596,0.0
1.8549999999999824,-0.0,-4.399391698559649,0.0
1.8599999999999823,-0.0,-4.257792915651228,0.0
1.8649999999999822,-0.0,-4.115143586051603,0.0
1.8699999999999821,-0.0,-3.9714789063483247,0.0
1.874999999999982,-0.0,-3.826834323651421,0.0
1.879999999999982,-0.0,-3.6812455268473077,0.0
1.8849999999999818,-0.0,-3.5347484377931115,0.0
1.8899999999999817,-0.0,-3.3873792024534577,0.0
1.8949999999999816,-0.0,-3.239174181982042,0.0
1.8999999999999815,-0.0,-3.090169943750034,0.0
1.9049999999999814,-0.0,-2.9404032523236032,0.0
1.9099999999999813,-0.0,-2.78991106039286,0.0
1.9149999999999812,-0.0,-2.638730499654299,0.0
1.919999999999981,-0.0,-2.4868988716491294,0.0
1.924999999999981,-0.0,-2.3344536385596393,0.0
1.9299999999999808,-0.0,-2.181432413966014,0.0
1.9349999999999807,-0.0,-2.0278729535657156,0.0
1.9399999999999806,-0.0,-1.8738131458578489,0.0
1.9449999999999805,-0.0,-1.7192910027947004,0.0
1.9499999999999804,-0.0,-1.5643446504029161,0.0
1.9549999999999803,-0.0,-1.4090123193764454,0.0
1.9599999999999802,-0.0,-1.2533323356436634,0.0
1.96499999999998,-0.0,-1.0973431109110758,0.0
1.96999999999998,-0.0,-0.9410831331857682,0.0
1.9749999999999799,-0.0,-0.7845909572790849,0.0
1.9799999999999798,-0.0,-0.6279051952937709,0.0
1.9849999999999797,-0.0,-0.4710645070970651,0.0
1.9899999999999796,-0.0,-0.3141075907819228,0.0
1.9949999999999795,-0.0,-0.15707317311885663,0.0
1.9999999999999793,-0.0,-6.508195399793861e-13,0.0
2.0049999999999795,-0.0,0.15707317311755511,0.0
2.0099999999999794,-0.0,0.31410759078063066,0.0
2.0149999999999793,-0.0,0.4710645070957738,0.0
2.019999999999979,-0.0,0.6279051952924807,0.0
2.024999999999979,-0.0,0.7845909572777875,0.0
2.029999999999979,-0.0,0.941083133184481,0.0
2.034999999999979,-0.0,1.0973431109097906,0.0
2.0399999999999787,-0.0,1.253332335642381,0.0
2.0449999999999786,-0.0,1.409012319375157,0.0
2.0499999999999785,-0.0,1.5643446504016394,0.0
2.0549999999999784,-0.0,1.7192910027934272,0.0
2.0599999999999783,-0.0,1.8738131458565703,0.0
2.064999999999978,-0.0,2.02787295356445,0.0
2.069999999999978,-0.0,2.1814324139647514,0.0
2.074999999999978,-0.0,2.334453638558382,0.0
2.079999999999978,-0.0,2.48689887164787,0.0
2.0849999999999778,-0.0,2.638730499653052,0.0
2.0899999999999777,-0.0,2.7899110603916184,0.0
2.0949999999999775,-0.0,2.9404032523223593,0.0
2.0999999999999774,-0.0,3.0901699437487964,0.0
2.1049999999999773,-0.0,3.239174181980818,0.0
2.1099999999999772,-0.0,3.3873792024522418,0.0
2.114999999999977,-0.0,3.534748437791894,0.0
2.119999999999977,-0.0,3.6812455268461046,0.0
2.124999999999977,-0.0,3.8268343236502256,0.0
2.129999999999977,-0.0,3.9714789063471385,0.0
2.1349999999999767,-0.0,4.115143586050417,0.0
2.1399999999999766,-0.0,4.257792915650059,0.0
2.1449999999999765,-0.0,4.399391698558488,0.0
2.1499999999999764,-0.0,4.539904997394802,0.0
2.1549999999999763,-0.0,4.679298142605071,0.0
2.159999999999976,-0.0,4.817536741016495,0.0
2.164999999999976,-0.0,4.954586684323422,0.0
2.169999999999976,-0.0,5.090414157503059,0.0
2.174999999999976,-0.0,5.224985647158839,0.0
2.1799999999999757,-0.0,5.3582679497893215,0.0
2.1849999999999756,-0.0,5.490228179980671,0.0
2.1899999999999755,-0.0,5.620833778520666,0.0
2.1949999999999754,-0.0,5.750052520432153,0.0
2.1999999999999753,-0.0,5.877852522924103,0.0
2.204999999999975,-0.0,6.004202253258213,0.0
2.209999999999975,-0.0,6.129070536529146,0.0
2.214999999999975,-0.0,6.252426563356438,0.0
2.219999999999975,-0.0,6.37423989748629,0.0
2.2249999999999748,-0.0,6.49448048330123,0.0
2.2299999999999747,-0.0,6.61311865323592,0.0
2.2349999999999746,-0.0,6.7301251350971425,0.0
2.2399999999999745,-0.0,6.8454710592862975,0.0
2.2449999999999743,-0.0,6.95912796592256,0.0
2.2499999999999742,-0.0,7.071067811864902,0.0
2.254999999999974,-0.0,7.181262977631323,0.0
2.259999999999974,-0.0,7.289686274213553,0.0
2.264999999999974,-0.0,7.396310949785545,0.0
2.269999999999974,-0.0,7.501110696304051,0.0
2.2749999999999737,-0.0,7.604059655999775,0.0
2.2799999999999736,-0.0,7.705132427757361,0.0
2.2849999999999735,-0.0,7.804304073382776,0.0
2.2899999999999734,-0.0,7.90155012375639,0.0
2.2949999999999733,-0.0,7.996846584870395,0.0
2.299999999999973,-0.0,8.090169943748977,0.0
2.304999999999973,-0.0,8.181497174249749,0.0
2.309999999999973,-0.0,8.270805742745141,0.0
2.314999999999973,-0.0,8.358073613682233,0.0
2.3199999999999728,-0.0,8.443279255019691,0.0
2.3249999999999726,-0.0,8.526401643540476,0.0
2.3299999999999725,-0.0,8.607420270038993,0.0
2.3349999999999724,-0.0,8.68631514438148,0.0
2.3399999999999723,-0.0,8.763066800438217,0.0
2.344999999999972,-0.0,8.837656300886524,0.0
2.349999999999972,-0.0,8.910065241883279,0.0
2.354999999999972,-0.0,8.980275757605765,0.0
2.359999999999972,-0.0,9.04827052465982,0.0
2.364999999999972,-0.0,9.114032766354091,0.0
2.3699999999999717,-0.0,9.177546256839456,0.0
2.3749999999999716,-0.0,9.238795325112525,0.0
2.3799999999999715,-0.0,9.297764858882184,0.0
2.3849999999999714,-0.0,9.354440308298352,0.0
2.3899999999999713,-0.0,9.408807689541947,0.0
2.394999999999971,-0.0,9.460853588275159,0.0
2.399999999999971,-0.0,9.510565162951254,0.0
2.404999999999971,-0.0,9.55793014798303,0.0
2.409999999999971,-0.0,9.602936856769176,0.0
2.4149999999999707,-0.0,9.64557418457774,0.0
2.4199999999999706,-0.0,9.68583161128608,0.0
2.4249999999999705,-0.0,9.72369920397655,0.0
2.4299999999999704,-0.0,9.759167619387272,0.0
2.4349999999999703,-0.0,9.792228106217468,0.0
2.43999999999997,-0.0,9.82287250728671,0.0
2.44499999999997,-0.0,9.851093261547577,0.0
2.44999999999997,-0.0,9.87688340595123,0.0
2.45499999999997,-0.0,9.900236577165442,0.0
2.4599999999999698,-0.0,9.921147013144658,0.0
2.4649999999999697,-0.0,9.939609554551692,0.0
2.4699999999999696,-0.0,9.95561964603071,0.0
2.4749999999999694,-0.0,9.969173337331206,0.0
2.4799999999999693,-0.0,9.980267284282654,0.0
2.4849999999999692,-0.0,9.988898749619654,0.0
2.489999999999969,-0.0,9.995065603657283,0.0
2.494999999999969,-0.0,9.998766324816591,0.0
2.499999999999969,-0.0,10.0,0.0
2.504999999999969,-0.0,9.99876632481662,0.0
2.5099999999999687,-0.0,9.995065603657347,0.0
2.5149999999999686,-0.0,9.988898749619747,0.0
2.5199999999999685,-0.0,9.98026728428278,0.0
2.5249999999999684,-0.0,9.969173337331359,0.0
2.5299999999999683,-0.0,9.955619646030895,0.0
2.534999999999968,-0.0,9.939609554551906,0.0
2.539999999999968,-0.0,9.921147013144903,0.0
2.544999999999968,-0.0,9.900236577165717,0.0
2.549999999999968,-0.0,9.876883405951535,0.0
2.5549999999999677,-0.0,9.851093261547915,0.0
2.5599999999999676,-0.0,9.82287250728708,0.0
2.5649999999999675,-0.0,9.792228106217864,0.0
2.5699999999999674,-0.0,9.759167619387698,0.0
2.5749999999999673,-0.0,9.72369920397701,0.0
2.579999999999967,-0.0,9.685831611286567,0.0
2.584999999999967,-0.0,9.645574184578255,0.0
2.589999999999967,-0.0,9.602936856769718,0.0
2.594999999999967,-0.0,9.557930147983607,0.0
2.599999999999967,-0.0,9.51056516295186,0.0
2.6049999999999667,-0.0,9.460853588275791,0.0
2.6099999999999666,-0.0,9.408807689542611,0.0
2.6149999999999665,-0.0,9.354440308299049,0.0
2.6199999999999664,-0.0,9.2977648588829,0.0
2.6249999999999662,-0.0,9.238795325113275,0.0
2.629999999999966,-0.0,9.177546256840238,0.0
2.634999999999966,-0.0,9.114032766354892,0.0
2.639999999999966,-0.0,9.048270524660653,0.0
2.644999999999966,-0.0,8.980275757606629,0.0
2.6499999999999657,-0.0,8.910065241884167,0.0
2.6549999999999656,-0.0,8.837656300887446,0.0
2.6599999999999655,-0.0,8.763066800439157,0.0
2.6649999999999654,-0.0,8.686315144382451,0.0
2.6699999999999653,-0.0,8.607420270039995,0.0
2.674999999999965,-0.0,8.526401643541494,0.0
2.679999999999965,-0.0,8.443279255020741,0.0
2.684999999999965,-0.0,8.358073613683313,0.0
2.689999999999965,-0.0,8.270805742746237,0.0
2.6949999999999648,-0.0,8.181497174250874,0.0
2.6999999999999647,-0.0,8.090169943750134,0.0
2.7049999999999645,-0.0,7.996846584871574,0.0
2.7099999999999644,-0.0,7.901550123757594,0.0
2.7149999999999643,-0.0,7.804304073383995,0.0
2.7199999999999642,-0.0,7.70513242775861,0.0
2.724999999999964,-0.0,7.604059656001047,0.0
2.729999999999964,-0.0,7.50111069630534,0.0
2.734999999999964,-0.0,7.396310949786861,0.0
2.739999999999964,-0.0,7.289686274214899,0.0
2.7449999999999637,-0.0,7.181262977632681,0.0
2.7499999999999636,-0.0,7.071067811866287,0.0
2.7549999999999635,-0.0,6.959127965923976,0.0
2.7599999999999634,-0.0,6.845471059287726,0.0
2.7649999999999633,-0.0,6.730125135098591,0.0
2.769999999999963,-0.0,6.613118653237384,0.0
2.774999999999963,-0.0,6.49448048330272,0.0
2.779999999999963,-0.0,6.3742398974878,0.0
2.784999999999963,-0.0,6.25242656335796,0.0
2.7899999999999627,-0.0,6.129070536530695,0.0
2.7949999999999626,-0.0,6.004202253259788,0.0
2.7999999999999625,-0.0,5.877852522925683,0.0
2.8049999999999624,-0.0,5.750052520433756,0.0
2.8099999999999623,-0.0,5.620833778522295,0.0
2.814999999999962,-0.0,5.49022817998231,0.0
2.819999999999962,-0.0,5.358267949790977,0.0
2.824999999999962,-0.0,5.224985647160503,0.0
2.829999999999962,-0.0,5.090414157504744,0.0
2.8349999999999618,-0.0,4.954586684325125,0.0
2.8399999999999617,-0.0,4.817536741018206,0.0
2.8449999999999616,-0.0,4.679298142606804,0.0
2.8499999999999615,-0.0,4.539904997396555,0.0
2.8549999999999613,-0.0,4.39939169856024,0.0
2.8599999999999612,-0.0,4.257792915651833,0.0
2.864999999999961,-0.0,4.115143586052211,0.0
2.869999999999961,-0.0,3.971478906348929,0.0
2.874999999999961,-0.0,3.8268343236520375,0.0
2.879999999999961,-0.0,3.681245526847936,0.0
2.8849999999999607,-0.0,3.534748437793727,0.0
2.8899999999999606,-0.0,3.3873792024540856,0.0
2.8949999999999605,-0.0,3.2391741819826647,0.0
2.8999999999999604,-0.0,3.0901699437506602,0.0
2.9049999999999603,-0.0,2.940403252324241,0.0
2.90999999999996,-0.0,2.7899110603934925,0.0
2.91499999999996,-0.0,2.6387304996549426,0.0
2.91999999999996,-0.0,2.4868988716497764,0.0
2.92499999999996,-0.0,2.3344536385602797,0.0
2.9299999999999597,-0.0,2.181432413966665,0.0
2.9349999999999596,-0.0,2.0278729535663778,0.0
2.9399999999999595,-0.0,1.8738131458584957,0.0
2.9449999999999594,-0.0,1.719291002795358,0.0
2.9499999999999593,-0.0,1.5643446504035665,0.0
2.954999999999959,-0.0,1.4090123193770974,0.0
2.959999999999959,-0.0,1.2533323356443256,0.0
2.964999999999959,-0.0,1.0973431109117302,0.0
2.969999999999959,-0.0,0.9410831331864324,0.0
2.974999999999959,-0.0,0.78459095727975,0.0
2.9799999999999587,-0.0,0.6279051952944281,0.0
2.9849999999999586,-0.0,0.47106450709773173,0.0
2.9899999999999585,-0.0,0.31410759078259864,0.0
2.9949999999999584,-0.0,0.15707317311951502,0.0
2.9999999999999583,-0.0,1.3181780015536273e-12,0.0
3.004999999999958,-0.0,-0.15707317311689672,0.0
3.009999999999958,-0.0,-0.31410759077996364,0.0
3.014999999999958,-0.0,-0.47106450709509834,0.0
3.019999999999958,-0.0,-0.6279051952918145,0.0
3.0249999999999577,-0.0,-0.7845909572771219,0.0
3.0299999999999576,-0.0,-0.9410831331838078,0.0
3.0349999999999575,-0.0,-1.0973431109091274,0.0
3.0399999999999574,-0.0,-1.2533323356417105,0.0
3.0449999999999573,-0.0,-1.409012319374487,0.0
3.049999999999957,-0.0,-1.5643446504009806,0.0
3.054999999999957,-0.0,-1.719291002792761,0.0
3.059999999999957,-0.0,-1.873813145855923,0.0
3.064999999999957,-0.0,-2.027872953563797,0.0
3.0699999999999568,-0.0,-2.181432413964093,0.0
3.0749999999999567,-0.0,-2.3344536385577332,0.0
3.0799999999999566,-0.0,-2.486898871647223,0.0
3.0849999999999564,-0.0,-2.6387304996524,0.0
3.0899999999999563,-0.0,-2.7899110603909776,0.0
3.0949999999999562,-0.0,-2.940403252321721,0.0
3.099999999999956,-0.0,-3.090169943748153,0.0
3.104999999999956,-0.0,-3.239174181980187,0.0
3.109999999999956,-0.0,-3.387379202451605,0.0
3.114999999999956,-0.0,-3.5347484377912606,0.0
3.1199999999999557,-0.0,-3.681245526845485,0.0
3.1249999999999556,-0.0,-3.8268343236496016,0.0
3.1299999999999555,-0.0,-3.9714789063465266,0.0
3.1349999999999554,-0.0,-4.115143586049807,0.0
3.1399999999999553,-0.0,-4.257792915649447,0.0
3.144999999999955,-0.0,-4.3993916985578885,0.0
3.149999999999955,-0.0,-4.539904997394206,0.0
3.154999999999955,-0.0,-4.679298142604474,0.0
3.159999999999955,-0.0,-4.81753674101591,0.0
3.1649999999999547,-0.0,-4.954586684322836,0.0
3.1699999999999546,-0.0,-5.090414157502474,0.0
3.1749999999999545,-0.0,-5.224985647158271,0.0
3.1799999999999544,-0.0,-5.35826794978875,0.0
3.1849999999999543,-0.0,-5.490228179980122,0.0
3.189999999999954,-0.0,-5.620833778520114,0.0
3.194999999999954,-0.0,-5.750052520431598,0.0
3.199999999999954,-0.0,-5.877852522923565,0.0
3.204999999999954,-0.0,-6.004202253257679,0.0
3.209999999999954,-0.0,-6.12907053652861,0.0
3.2149999999999537,-0.0,-6.252426563355917,0.0
3.2199999999999536,-0.0,-6.37423989748577,0.0
3.2249999999999535,-0.0,-6.494480483300716,0.0
3.2299999999999534,-0.0,-6.61311865323542,0.0
3.2349999999999532,-0.0,-6.730125135096642,0.0
3.239999999999953,-0.0,-6.845471059285818,0.0
3.244999999999953,-0.0,-6.959127965922082,0.0
3.249999999999953,-0.0,-7.071067811864424,0.0
3.254999999999953,-0.0,-7.181262977630859,0.0
3.2599999999999527,-0.0,-7.289686274213095,0.0
3.2649999999999526,-0.0,-7.396310949785088,0.0
3.2699999999999525,-0.0,-7.501110696303609,0.0
3.2749999999999524,-0.0,-7.604059655999333,0.0
3.2799999999999523,-0.0,-7.70513242775693,0.0
3.284999999999952,-0.0,-7.804304073382358,0.0
3.289999999999952,-0.0,-7.901550123755977,0.0
3.294999999999952,-0.0,-7.996846584870004,0.0
3.299999999999952,-0.0,-8.090169943748585,0.0
3.3049999999999518,-0.0,-8.181497174249358,0.0
3.3099999999999516,-0.0,-8.270805742744766,0.0
3.3149999999999515,-0.0,-8.358073613681862,0.0
3.3199999999999514,-0.0,-8.443279255019329,0.0
3.3249999999999513,-0.0,-8.526401643540124,0.0
3.329999999999951,-0.0,-8.607420270038654,0.0
3.334999999999951,-0.0,-8.686315144381146,0.0
3.339999999999951,-0.0,-8.763066800437894,0.0
3.344999999999951,-0.0,-8.83765630088621,0.0
3.349999999999951,-0.0,-8.91006524188297,0.0
3.3549999999999507,-0.0,-8.980275757605474,0.0
3.3599999999999506,-0.0,-9.04827052465953,0.0
3.3649999999999505,-0.0,-9.114032766353814,0.0
3.3699999999999504,-0.0,-9.177546256839191,0.0
3.3749999999999503,-0.0,-9.238795325112266,0.0
3.37999999999995,-0.0,-9.29776485888194,0.0
3.38499999999995,-0.0,-9.354440308298116,0.0
3.38999999999995,-0.0,-9.408807689541717,0.0
3.39499999999995,-0.0,-9.460853588274944,0.0
3.3999999999999497,-0.0,-9.510565162951046,0.0
3.4049999999999496,-0.0,-9.557930147982832,0.0
3.4099999999999495,-0.0,-9.602936856768988,0.0
3.4149999999999494,-0.0,-9.645574184577562,0.0
3.4199999999999493,-0.0,-9.68583161128592,0.0
3.424999999999949,-0.0,-9.723699203976393,0.0
3.429999999999949,-0.0,-9.759167619387123,0.0
3.434999999999949,-0.0,-9.792228106217335,0.0
3.439999999999949,-0.0,-9.822872507286586,0.0
3.4449999999999488,-0.0,-9.851093261547462,0.0
3.4499999999999487,-0.0,-9.876883405951125,0.0
3.4549999999999486,-0.0,-9.900236577165346,0.0
3.4599999999999485,-0.0,-9.921147013144575,0.0
3.4649999999999483,-0.0,-9.939609554551618,0.0
3.4699999999999482,-0.0,-9.955619646030646,0.0
3.474999999999948,-0.0,-9.969173337331153,0.0
3.479999999999948,-0.0,-9.980267284282615,0.0
3.484999999999948,-0.0,-9.988898749619622,0.0
3.489999999999948,-0.0,-9.995065603657265,0.0
3.4949999999999477,-0.0,-9.998766324816582,0.0
3.4999999999999476,-0.0,-10.0,0.0
3.5049999999999475,-0.0,-9.998766324816632,0.0
3.5099999999999474,-0.0,-9.99506560365737,0.0
3.5149999999999473,-0.0,-9.988898749619779,0.0
3.519999999999947,-0.0,-9.98026728428282,0.0
3.524999999999947,-0.0,-9.969173337331409,0.0
3.529999999999947,-0.0,-9.955619646030959,0.0
3.534999999999947,-0.0,-9.93960955455198,0.0
3.5399999999999467,-0.0,-9.921147013144989,0.0
3.5449999999999466,-0.0,-9.900236577165812,0.0
3.5499999999999465,-0.0,-9.876883405951641,0.0
3.5549999999999464,-0.0,-9.85109326154803,0.0
3.5599999999999463,-0.0,-9.822872507287203,0.0
3.564999999999946,-0.0,-9.792228106218,0.0
3.569999999999946,-0.0,-9.759167619387847,0.0
3.574999999999946,-0.0,-9.723699203977162,0.0
3.579999999999946,-0.0,-9.685831611286735,0.0
3.584999999999946,-0.0,-9.645574184578432,0.0
3.5899999999999457,-0.0,-9.602936856769906,0.0
3.5949999999999456,-0.0,-9.557930147983807,0.0
3.5999999999999455,-0.0,-9.510565162952062,0.0
3.6049999999999454,-0.0,-9.46085358827601,0.0
3.6099999999999453,-0.0,-9.408807689542842,0.0
3.614999999999945,-0.0,-9.354440308299282,0.0
3.619999999999945,-0.0,-9.29776485888315,0.0
3.624999999999945,-0.0,-9.238795325113534,0.0
3.629999999999945,-0.0,-9.1775462568405,0.0
3.6349999999999447,-0.0,-9.11403276635517,0.0
3.6399999999999446,-0.0,-9.048270524660943,0.0
3.6449999999999445,-0.0,-8.980275757606924,0.0
3.6499999999999444,-0.0,-8.910065241884475,0.0
3.6549999999999443,-0.0,-8.837656300887753,0.0
3.659999999999944,-0.0,-8.76306680043948,0.0
3.664999999999944,-0.0,-8.686315144382789,0.0
3.669999999999944,-0.0,-8.60742027004033,0.0
3.674999999999944,-0.0,-8.526401643541845,0.0
3.6799999999999438,-0.0,-8.443279255021103,0.0
3.6849999999999437,-0.0,-8.358073613683674,0.0
3.6899999999999435,-0.0,-8.270805742746619,0.0
3.6949999999999434,-0.0,-8.181497174251264,0.0
3.6999999999999433,-0.0,-8.090169943750523,0.0
3.7049999999999432,-0.0,-7.996846584871982,0.0
3.709999999999943,-0.0,-7.901550123757998,0.0
3.714999999999943,-0.0,-7.804304073384418,0.0
3.719999999999943,-0.0,-7.7051324277590405,0.0
3.724999999999943,-0.0,-7.604059656001475,0.0
3.7299999999999427,-0.0,-7.501110696305789,0.0
3.7349999999999426,-0.0,-7.396310949787319,0.0
3.7399999999999425,-0.0,-7.289686274215351,0.0
3.7449999999999424,-0.0,-7.1812629776331525,0.0
3.7499999999999423,-0.0,-7.071067811866766,0.0
3.754999999999942,-0.0,-6.959127965924449,0.0
3.759999999999942,-0.0,-6.845471059288219,0.0
3.764999999999942,-0.0,-6.730125135099091,0.0
3.769999999999942,-0.0,-6.613118653237891,0.0
3.7749999999999417,-0.0,-6.494480483303234,0.0
3.7799999999999416,-0.0,-6.374239897488307,0.0
3.7849999999999415,-0.0,-6.2524265633584895,0.0
3.7899999999999414,-0.0,-6.129070536531228,0.0
3.7949999999999413,-0.0,-6.004202253260313,0.0
3.799999999999941,-0.0,-5.877852522926229,0.0
3.804999999999941,-0.0,-5.75005252043431,0.0
3.809999999999941,-0.0,-5.620833778522839,0.0
3.814999999999941,-0.0,-5.490228179982875,0.0
3.8199999999999408,-0.0,-5.358267949791548,0.0
3.8249999999999407,-0.0,-5.224985647161079,0.0
3.8299999999999406,-0.0,-5.090414157505327,0.0
3.8349999999999405,-0.0,-4.954586684325697,0.0
3.8399999999999403,-0.0,-4.817536741018797,0.0
3.8449999999999402,-0.0,-4.679298142607401,0.0
3.84999999999994,-0.0,-4.539904997397142,0.0
3.85499999999994,-0.0,-4.399391698560847,0.0
3.85999999999994,-0.0,-4.257792915652444,0.0
3.86499999999994,-0.0,-4.1151435860528105,0.0
3.8699999999999397,-0.0,-3.97147890634955,0.0
3.8749999999999396,-0.0,-3.8268343236526627,0.0
3.8799999999999395,-0.0,-3.681245526848549,0.0
3.8849999999999394,-0.0,-3.53474843779436,0.0
3.8899999999999393,-0.0,-3.387379202454705,0.0
3.894999999999939,-0.0,-3.239174181983304,0.0
3.899999999999939,-0.0,-3.090169943751304,0.0
3.904999999999939,-0.0,-2.94040325232487,0.0
3.909999999999939,-0.0,-2.7899110603941413,0.0
3.9149999999999388,-0.0,-2.6387304996555954,0.0
3.9199999999999386,-0.0,-2.486898871650414,0.0
3.9249999999999385,-0.0,-2.3344536385609373,0.0
3.9299999999999384,-0.0,-2.1814324139673253,0.0
3.9349999999999383,-0.0,-2.027872953567023,0.0
3.939999999999938,-0.0,-1.87381314585916,0.0
3.944999999999938,-0.0,-1.7192910027960242,0.0
3.949999999999938,-0.0,-1.5643446504042349,0.0
3.954999999999938,-0.0,-1.4090123193777668,0.0
3.959999999999938,-0.0,-1.2533323356449788,0.0
3.9649999999999377,-0.0,-1.0973431109124026,0.0
3.9699999999999376,-0.0,-0.9410831331871056,0.0
3.9749999999999375,-0.0,-0.7845909572804067,0.0
3.9799999999999374,-0.0,-0.627905195295103,0.0
3.9849999999999373,-0.0,-0.4710645070984073,0.0
3.989999999999937,-0.0,-0.31410759078325684,0.0
3.994999999999937,-0.0,-0.15707317312019115,0.0
3.999999999999937,-0.0,-1.99441824732487e-12,0.0
4.004999999999937,-0.0,0.15707317311622057,0.0
4.009999999999937,-0.0,0.31410759077928774,0.0
4.014999999999937,-0.0,0.4710645070944406,0.0
4.0199999999999365,-0.0,0.6279051952911396,0.0
4.024999999999936,-0.0,0.7845909572764478,0.0
4.029999999999936,-0.0,0.9410831331831524,0.0
4.034999999999936,-0.0,1.0973431109084553,0.0
4.039999999999936,-0.0,1.2533323356410386,0.0
4.044999999999936,-0.0,1.409012319373835,0.0
4.049999999999936,-0.0,1.5643446504003125,0.0
4.054999999999936,-0.0,1.719291002792095,0.0
4.059999999999936,-0.0,1.8738131458552592,0.0
4.0649999999999356,-0.0,2.0278729535631337,0.0
4.0699999999999354,-0.0,2.1814324139634493,0.0
4.074999999999935,-0.0,2.334453638557076,0.0
4.079999999999935,-0.0,2.4868988716465683,0.0
4.084999999999935,-0.0,2.638730499651765,0.0
4.089999999999935,-0.0,2.7899110603903274,0.0
4.094999999999935,-0.0,2.940403252321075,0.0
4.099999999999935,-0.0,3.0901699437475267,0.0
4.104999999999935,-0.0,3.2391741819795477,0.0
4.109999999999935,-0.0,3.387379202450969,0.0
4.1149999999999345,-0.0,3.534748437790645,0.0
4.119999999999934,-0.0,3.681245526844856,0.0
4.124999999999934,-0.0,3.8268343236489937,0.0
4.129999999999934,-0.0,3.971478906345906,0.0
4.134999999999934,-0.0,4.115143586049191,0.0
4.139999999999934,-0.0,4.257792915648851,0.0
4.144999999999934,-0.0,4.399391698557281,0.0
4.149999999999934,-0.0,4.539904997393603,0.0
4.154999999999934,-0.0,4.679298142603892,0.0
4.1599999999999335,-0.0,4.817536741015316,0.0
4.164999999999933,-0.0,4.954586684322248,0.0
4.169999999999933,-0.0,5.090414157501909,0.0
4.174999999999933,-0.0,5.224985647157693,0.0
4.179999999999933,-0.0,5.35826794978818,0.0
4.184999999999933,-0.0,5.490228179979556,0.0
4.189999999999933,-0.0,5.620833778519553,0.0
4.194999999999933,-0.0,5.75005252043106,0.0
4.199999999999933,-0.0,5.8778525229230185,0.0
4.204999999999933,-0.0,6.004202253257138,0.0
4.2099999999999325,-0.0,6.129070536528091,0.0
4.214999999999932,-0.0,6.25242656335539,0.0
4.219999999999932,-0.0,6.374239897485247,0.0
4.224999999999932,-0.0,6.494480483300215,0.0
4.229999999999932,-0.0,6.6131186532349115,0.0
4.234999999999932,-0.0,6.730125135096143,0.0
4.239999999999932,-0.0,6.845471059285325,0.0
4.244999999999932,-0.0,6.9591279659215965,0.0
4.249999999999932,-0.0,7.07106781186396,0.0
4.2549999999999315,-0.0,7.181262977630388,0.0
4.259999999999931,-0.0,7.289686274212635,0.0
4.264999999999931,-0.0,7.396310949784645,0.0
4.269999999999931,-0.0,7.501110696303162,0.0
4.274999999999931,-0.0,7.604059655998895,0.0
4.279999999999931,-0.0,7.705132427756511,0.0
4.284999999999931,-0.0,7.804304073381934,0.0
4.289999999999931,-0.0,7.9015501237555625,0.0
4.294999999999931,-0.0,7.996846584869596,0.0
4.2999999999999305,-0.0,8.090169943748187,0.0
4.30499999999993,-0.0,8.18149717424898,0.0
4.30999999999993,-0.0,8.270805742744386,0.0
4.31499999999993,-0.0,8.358073613681494,0.0
4.31999999999993,-0.0,8.443279255018975,0.0
4.32499999999993,-0.0,8.52640164353977,0.0
4.32999999999993,-0.0,8.60742027003831,0.0
4.33499999999993,-0.0,8.686315144380819,0.0
4.33999999999993,-0.0,8.763066800437569,0.0
4.34499999999993,-0.0,8.837656300885893,0.0
4.3499999999999295,-0.0,8.910065241882673,0.0
4.354999999999929,-0.0,8.980275757605176,0.0
4.359999999999929,-0.0,9.048270524659253,0.0
4.364999999999929,-0.0,9.114032766353535,0.0
4.369999999999929,-0.0,9.177546256838921,0.0
4.374999999999929,-0.0,9.238795325112012,0.0
4.379999999999929,-0.0,9.29776485888169,0.0
4.384999999999929,-0.0,9.35444030829788,0.0
4.389999999999929,-0.0,9.408807689541497,0.0
4.3949999999999285,-0.0,9.460853588274723,0.0
4.399999999999928,-0.0,9.510565162950837,0.0
4.404999999999928,-0.0,9.557930147982638,0.0
4.409999999999928,-0.0,9.602936856768798,0.0
4.414999999999928,-0.0,9.64557418457738,0.0
4.419999999999928,-0.0,9.685831611285748,0.0
4.424999999999928,-0.0,9.723699203976235,0.0
4.429999999999928,-0.0,9.759167619386979,0.0
4.434999999999928,-0.0,9.792228106217195,0.0
4.439999999999928,-0.0,9.822872507286458,0.0
4.4449999999999275,-0.0,9.85109326154735,0.0
4.449999999999927,-0.0,9.87688340595102,0.0
4.454999999999927,-0.0,9.900236577165252,0.0
4.459999999999927,-0.0,9.921147013144491,0.0
4.464999999999927,-0.0,9.939609554551545,0.0
4.469999999999927,-0.0,9.955619646030584,0.0
4.474999999999927,-0.0,9.9691733373311,0.0
4.479999999999927,-0.0,9.98026728428257,0.0
4.484999999999927,-0.0,9.988898749619592,0.0
4.4899999999999265,-0.0,9.995065603657244,0.0
4.494999999999926,-0.0,9.99876632481657,0.0
4.499999999999926,-0.0,10.0,0.0
4.504999999999926,-0.0,9.998766324816645,0.0
4.509999999999926,-0.0,9.995065603657387,0.0
4.514999999999926,-0.0,9.988898749619809,0.0
4.519999999999926,-0.0,9.980267284282862,0.0
4.524999999999926,-0.0,9.969173337331464,0.0
4.529999999999926,-0.0,9.95561964603102,0.0
4.5349999999999255,-0.0,9.939609554552055,0.0
4.539999999999925,-0.0,9.92114701314507,0.0
4.544999999999925,-0.0,9.900236577165906,0.0
4.549999999999925,-0.0,9.876883405951746,0.0
4.554999999999925,-0.0,9.851093261548144,0.0
4.559999999999925,-0.0,9.82287250728733,0.0
4.564999999999925,-0.0,9.792228106218138,0.0
4.569999999999925,-0.0,9.759167619387988,0.0
4.574999999999925,-0.0,9.72369920397732,0.0
4.579999999999925,-0.0,9.685831611286906,0.0
4.5849999999999245,-0.0,9.645574184578608,0.0
4.589999999999924,-0.0,9.602936856770096,0.0
4.594999999999924,-0.0,9.557930147984004,0.0
4.599999999999924,-0.0,9.510565162952274,0.0
4.604999999999924,-0.0,9.46085358827623,0.0
4.609999999999924,-0.0,9.408807689543064,0.0
4.614999999999924,-0.0,9.354440308299523,0.0
4.619999999999924,-0.0,9.2977648588834,0.0
4.624999999999924,-0.0,9.238795325113786,0.0
4.6299999999999235,-0.0,9.177546256840769,0.0
4.634999999999923,-0.0,9.114032766355448,0.0
4.639999999999923,-0.0,9.048270524661223,0.0
4.644999999999923,-0.0,8.98027575760722,0.0
4.649999999999923,-0.0,8.910065241884782,0.0
4.654999999999923,-0.0,8.837656300888067,0.0
4.659999999999923,-0.0,8.763066800439807,0.0
4.664999999999923,-0.0,8.686315144383114,0.0
4.669999999999923,-0.0,8.607420270040675,0.0
4.6749999999999226,-0.0,8.526401643542197,0.0
4.6799999999999224,-0.0,8.443279255021457,0.0
4.684999999999922,-0.0,8.358073613684047,0.0
4.689999999999922,-0.0,8.270805742746997,0.0
4.694999999999922,-0.0,8.181497174251641,0.0
4.699999999999922,-0.0,8.090169943750919,0.0
4.704999999999922,-0.0,7.996846584872386,0.0
4.709999999999922,-0.0,7.90155012375841,0.0
4.714999999999922,-0.0,7.8043040733848414,0.0
4.719999999999922,-0.0,7.705132427759462,0.0
4.7249999999999215,-0.0,7.604059656001914,0.0
4.729999999999921,-0.0,7.5011106963062355,0.0
4.734999999999921,-0.0,7.396310949787762,0.0
4.739999999999921,-0.0,7.289686274215813,0.0
4.744999999999921,-0.0,7.181262977633623,0.0
4.749999999999921,-0.0,7.071067811867232,0.0
4.754999999999921,-0.0,6.9591279659249325,0.0
4.759999999999921,-0.0,6.845471059288712,0.0
4.764999999999921,-0.0,6.73012513509958,0.0
4.7699999999999205,-0.0,6.6131186532383985,0.0
4.77499999999992,-0.0,6.494480483303735,0.0
4.77999999999992,-0.0,6.374239897488829,0.0
4.78499999999992,-0.0,6.252426563359016,0.0
4.78999999999992,-0.0,6.1290705365317475,0.0
4.79499999999992,-0.0,6.004202253260854,0.0
4.79999999999992,-0.0,5.877852522926776,0.0
4.80499999999992,-0.0,5.750052520434847,0.0
4.80999999999992,-0.0,5.620833778523398,0.0
4.81499999999992,-0.0,5.490228179983441,0.0
4.8199999999999195,-0.0,5.358267949792104,0.0
4.824999999999919,-0.0,5.224985647161656,0.0
4.829999999999919,-0.0,5.090414157505909,0.0
4.834999999999919,-0.0,4.9545866843262845,0.0
4.839999999999919,-0.0,4.817536741019391,0.0
4.844999999999919,-0.0,4.679298142607983,0.0
4.849999999999919,-0.0,4.539904997397746,0.0
4.854999999999919,-0.0,4.3993916985614545,0.0
4.859999999999919,-0.0,4.257792915653041,0.0
4.8649999999999185,-0.0,4.115143586053427,0.0
4.869999999999918,-0.0,3.9714789063501703,0.0
4.874999999999918,-0.0,3.8268343236532707,0.0
4.879999999999918,-0.0,3.681245526849177,0.0
4.884999999999918,-0.0,3.5347484377949927,0.0
4.889999999999918,-0.0,3.3873792024553415,0.0
4.894999999999918,-0.0,3.2391741819839446,0.0
4.899999999999918,-0.0,3.09016994375193,0.0
4.904999999999918,-0.0,2.9404032523255164,0.0
4.9099999999999175,-0.0,2.7899110603947905,0.0
4.914999999999917,-0.0,2.638730499656231,0.0
4.919999999999917,-0.0,2.4868988716510696,0.0
4.924999999999917,-0.0,2.3344536385615946,0.0
4.929999999999917,-0.0,2.181432413967968,0.0
4.934999999999917,-0.0,2.027872953567685,0.0
4.939999999999917,-0.0,1.8738131458598244,0.0
4.944999999999917,-0.0,1.719291002796673,0.0
4.949999999999917,-0.0,1.5643446504049026,0.0
4.954999999999917,-0.0,1.4090123193784188,0.0
4.9599999999999165,-0.0,1.2533323356456496,0.0
4.964999999999916,-0.0,1.0973431109130747,0.0
4.969999999999916,-0.0,0.9410831331877613,0.0
4.974999999999916,-0.0,0.7845909572810809,0.0
4.979999999999916,-0.0,0.6279051952957779,0.0
4.984999999999916,-0.0,0.47106450709906494,0.0
4.989999999999916,-0.0,0.3141075907839328,0.0
4.994999999999916,-0.0,0.15707317312086733,0.0
4.999999999999916,-0.0,2.6528949247021104e-12,0.0
5.0049999999999155,-0.0,-0.1570731731155444,0.0
5.009999999999915,-0.0,-0.31410759077861183,0.0
5.014999999999915,-0.0,-0.47106450709376513,0.0
5.019999999999915,-0.0,-0.6279051952904647,0.0
5.024999999999915,-0.0,-0.7845909572757915,0.0
5.029999999999915,-0.0,-0.9410831331824788,0.0
5.034999999999915,-0.0,-1.0973431109077834,0.0
5.039999999999915,-0.0,-1.2533323356403858,0.0
5.044999999999915,-0.0,-1.409012319373166,0.0
5.049999999999915,-0.0,-1.5643446503996445,0.0
5.0549999999999145,-0.0,-1.7192910027914463,0.0
5.059999999999914,-0.0,-1.873813145854595,0.0
5.064999999999914,-0.0,-2.027872953562473,0.0
5.069999999999914,-0.0,-2.18143241396279,0.0
5.074999999999914,-0.0,-2.3344536385564183,0.0
5.079999999999914,-0.0,-2.48689887164593,0.0
5.084999999999914,-0.0,-2.6387304996511123,0.0
5.089999999999914,-0.0,-2.7899110603896777,0.0
5.094999999999914,-0.0,-2.9404032523204284,0.0
5.0999999999999135,-0.0,-3.090169943746883,0.0
5.104999999999913,-0.0,-3.239174181978925,0.0
5.109999999999913,-0.0,-3.387379202450332,0.0
5.114999999999913,-0.0,-3.5347484377900122,0.0
5.119999999999913,-0.0,-3.6812455268442434,0.0
5.124999999999913,-0.0,-3.8268343236483524,0.0
5.129999999999913,-0.0,-3.971478906345286,0.0
5.134999999999913,-0.0,-4.115143586048592,0.0
5.139999999999913,-0.0,-4.257792915648222,0.0
5.1449999999999125,-0.0,-4.3993916985566734,0.0
5.149999999999912,-0.0,-4.539904997393017,0.0
5.154999999999912,-0.0,-4.679298142603278,0.0
5.159999999999912,-0.0,-4.817536741014726,0.0
5.164999999999912,-0.0,-4.954586684321676,0.0
5.169999999999912,-0.0,-5.090414157501342,0.0
5.174999999999912,-0.0,-5.2249856471571166,0.0
5.179999999999912,-0.0,-5.358267949787624,0.0
5.184999999999912,-0.0,-5.490228179979005,0.0
5.189999999999912,-0.0,-5.620833778518996,0.0
5.1949999999999115,-0.0,-5.750052520430506,0.0
5.199999999999911,-0.0,-5.877852522922485,0.0
5.204999999999911,-0.0,-6.004202253256597,0.0
5.209999999999911,-0.0,-6.129070536527554,0.0
5.214999999999911,-0.0,-6.2524265633548755,0.0
5.219999999999911,-0.0,-6.374239897484726,0.0
5.224999999999911,-0.0,-6.4944804832997,0.0
5.229999999999911,-0.0,-6.613118653234419,0.0
5.234999999999911,-0.0,-6.730125135095642,0.0
5.2399999999999105,-0.0,-6.84547105928483,0.0
5.24499999999991,-0.0,-6.959127965921123,0.0
5.24999999999991,-0.0,-7.0710678118634664,0.0
5.25499999999991,-0.0,-7.181262977629918,0.0
5.25999999999991,-0.0,-7.2896862742121815,0.0
5.26499999999991,-0.0,-7.396310949784179,0.0
5.26999999999991,-0.0,-7.5011106963027165,0.0
5.27499999999991,-0.0,-7.6040596559984674,0.0
5.27999999999991,-0.0,-7.70513242775609,0.0
5.2849999999999095,-0.0,-7.804304073381514,0.0
5.289999999999909,-0.0,-7.901550123755158,0.0
5.294999999999909,-0.0,-7.996846584869202,0.0
5.299999999999909,-0.0,-8.09016994374779,0.0
5.304999999999909,-0.0,-8.181497174248591,0.0
5.309999999999909,-0.0,-8.270805742744018,0.0
5.314999999999909,-0.0,-8.358073613681125,0.0
5.319999999999909,-0.0,-8.443279255018615,0.0
5.324999999999909,-0.0,-8.526401643539428,0.0
5.329999999999909,-0.0,-8.607420270037965,0.0
5.3349999999999085,-0.0,-8.686315144380485,0.0
5.339999999999908,-0.0,-8.763066800437251,0.0
5.344999999999908,-0.0,-8.837656300885577,0.0
5.349999999999908,-0.0,-8.910065241882368,0.0
5.354999999999908,-0.0,-8.980275757604888,0.0
5.359999999999908,-0.0,-9.048270524658955,0.0
5.364999999999908,-0.0,-9.114032766353258,0.0
5.369999999999908,-0.0,-9.177546256838662,0.0
5.374999999999908,-0.0,-9.23879532511175,0.0
5.3799999999999075,-0.0,-9.29776485888144,0.0
5.384999999999907,-0.0,-9.354440308297646,0.0
5.389999999999907,-0.0,-9.408807689541261,0.0
5.394999999999907,-0.0,-9.460853588274505,0.0
5.399999999999907,-0.0,-9.510565162950636,0.0
5.404999999999907,-0.0,-9.557930147982447,0.0
5.409999999999907,-0.0,-9.602936856768611,0.0
5.414999999999907,-0.0,-9.645574184577207,0.0
5.419999999999907,-0.0,-9.685831611285586,0.0
5.424999999999907,-0.0,-9.723699203976077,0.0
5.4299999999999065,-0.0,-9.759167619386831,0.0
5.434999999999906,-0.0,-9.792228106217063,0.0
5.439999999999906,-0.0,-9.822872507286332,0.0
5.444999999999906,-0.0,-9.85109326154723,0.0
5.449999999999906,-0.0,-9.876883405950919,0.0
5.454999999999906,-0.0,-9.900236577165156,0.0
5.459999999999906,-0.0,-9.921147013144406,0.0
5.464999999999906,-0.0,-9.939609554551472,0.0
5.469999999999906,-0.0,-9.955619646030518,0.0
5.4749999999999055,-0.0,-9.969173337331046,0.0
5.479999999999905,-0.0,-9.98026728428253,0.0
5.484999999999905,-0.0,-9.988898749619558,0.0
5.489999999999905,-0.0,-9.995065603657222,0.0
5.494999999999905,-0.0,-9.99876632481656,0.0
5.499999999999905,-0.0,-10.0,0.0
5.504999999999905,-0.0,-9.998766324816653,0.0
5.509999999999905,-0.0,-9.995065603657409,0.0
5.514999999999905,-0.0,-9.988898749619844,0.0
5.5199999999999045,-0.0,-9.980267284282904,0.0
5.524999999999904,-0.0,-9.969173337331515,0.0
5.529999999999904,-0.0,-9.955619646031083,0.0
5.534999999999904,-0.0,-9.93960955455213,0.0
5.539999999999904,-0.0,-9.921147013145157,0.0
5.544999999999904,-0.0,-9.900236577166,0.0
5.549999999999904,-0.0,-9.876883405951853,0.0
5.554999999999904,-0.0,-9.851093261548261,0.0
5.559999999999904,-0.0,-9.822872507287453,0.0
5.564999999999904,-0.0,-9.792228106218277,0.0
5.5699999999999035,-0.0,-9.759167619388137,0.0
5.574999999999903,-0.0,-9.723699203977475,0.0
5.579999999999903,-0.0,-9.685831611287075,0.0
5.584999999999903,-0.0,-9.645574184578788,0.0
5.589999999999903,-0.0,-9.60293685677028,0.0
5.594999999999903,-0.0,-9.557930147984203,0.0
5.599999999999903,-0.0,-9.510565162952481,0.0
5.604999999999903,-0.0,-9.460853588276443,0.0
5.609999999999903,-0.0,-9.408807689543298,0.0
5.6149999999999025,-0.0,-9.35444030829976,0.0
5.619999999999902,-0.0,-9.297764858883642,0.0
5.624999999999902,-0.0,-9.23879532511405,0.0
5.629999999999902,-0.0,-9.177546256841039,0.0
5.634999999999902,-0.0,-9.114032766355718,0.0
5.639999999999902,-0.0,-9.048270524661502,0.0
5.644999999999902,-0.0,-8.980275757607519,0.0
5.649999999999902,-0.0,-8.910065241885082,0.0
5.654999999999902,-0.0,-8.837656300888376,0.0
5.6599999999999016,-0.0,-8.763066800440134,0.0
5.6649999999999014,-0.0,-8.686315144383448,0.0
5.669999999999901,-0.0,-8.60742027004101,0.0
5.674999999999901,-0.0,-8.52640164354255,0.0
5.679999999999901,-0.0,-8.443279255021817,0.0
5.684999999999901,-0.0,-8.358073613684407,0.0
5.689999999999901,-0.0,-8.270805742747378,0.0
5.694999999999901,-0.0,-8.18149717425203,0.0
5.699999999999901,-0.0,-8.090169943751304,0.0
5.704999999999901,-0.0,-7.996846584872792,0.0
5.7099999999999005,-0.0,-7.9015501237588275,0.0
5.7149999999999,-0.0,-7.804304073385254,0.0
5.7199999999999,-0.0,-7.705132427759902,0.0
5.7249999999999,-0.0,-7.604059656002354,0.0
5.7299999999999,-0.0,-7.501110696306672,0.0
5.7349999999999,-0.0,-7.396310949788227,0.0
5.7399999999999,-0.0,-7.289686274216277,0.0
5.7449999999999,-0.0,-7.1812629776340815,0.0
5.7499999999999,-0.0,-7.071067811867698,0.0
5.7549999999998995,-0.0,-6.959127965925419,0.0
5.759999999999899,-0.0,-6.845471059289192,0.0
5.764999999999899,-0.0,-6.730125135100066,0.0
5.769999999999899,-0.0,-6.613118653238905,0.0
5.774999999999899,-0.0,-6.494480483304251,0.0
5.779999999999899,-0.0,-6.374239897489336,0.0
5.784999999999899,-0.0,-6.252426563359545,0.0
5.789999999999899,-0.0,-6.129070536532283,0.0
5.794999999999899,-0.0,-6.004202253261381,0.0
5.799999999999899,-0.0,-5.877852522927323,0.0
5.8049999999998985,-0.0,-5.750052520435402,0.0
5.809999999999898,-0.0,-5.620833778523943,0.0
5.814999999999898,-0.0,-5.490228179984005,0.0
5.819999999999898,-0.0,-5.3582679497926735,0.0
5.824999999999898,-0.0,-5.2249856471622165,0.0
5.829999999999898,-0.0,-5.09041415750649,0.0
5.834999999999898,-0.0,-4.954586684326873,0.0
5.839999999999898,-0.0,-4.817536741019967,0.0
5.844999999999898,-0.0,-4.679298142608596,0.0
5.8499999999998975,-0.0,-4.539904997398348,0.0
5.854999999999897,-0.0,-4.399391698562045,0.0
5.859999999999897,-0.0,-4.257792915653669,0.0
5.864999999999897,-0.0,-4.115143586054044,0.0
5.869999999999897,-0.0,-3.971478906350776,0.0
5.874999999999897,-0.0,-3.826834323653879,0.0
5.879999999999897,-0.0,-3.6812455268498057,0.0
5.884999999999897,-0.0,-3.5347484377956078,0.0
5.889999999999897,-0.0,-3.3873792024559606,0.0
5.8949999999998965,-0.0,-3.2391741819845845,0.0
5.899999999999896,-0.0,-3.090169943752573,0.0
5.904999999999896,-0.0,-2.940403252326146,0.0
5.909999999999896,-0.0,-2.78991106039544,0.0
5.914999999999896,-0.0,-2.6387304996568828,0.0
5.919999999999896,-0.0,-2.486898871651707,0.0
5.924999999999896,-0.0,-2.3344536385622523,0.0
5.929999999999896,-0.0,-2.181432413968627,0.0
5.934999999999896,-0.0,-2.02787295356833,0.0
5.939999999999896,-0.0,-1.8738131458604883,0.0
5.9449999999998955,-0.0,-1.719291002797339,0.0
5.949999999999895,-0.0,-1.5643446504055534,0.0
5.954999999999895,-0.0,-1.4090123193791058,0.0
5.959999999999895,-0.0,-1.2533323356463204,0.0
5.964999999999895,-0.0,-1.097343110913729,0.0
5.969999999999895,-0.0,-0.9410831331884524,0.0
5.974999999999895,-0.0,-0.7845909572817551,0.0
5.979999999999895,-0.0,-0.627905195296435,0.0
5.984999999999895,-0.0,-0.4710645070997583,0.0
5.9899999999998945,-0.0,-0.31410759078460865,0.0
5.994999999999894,-0.0,-0.1570731731215257,0.0
5.999999999999894,-0.0,-3.3113716020793503e-12,0.0
6.004999999999894,-0.0,0.15707317311486824,0.0
6.009999999999894,-0.0,0.31410759077795364,0.0
6.014999999999894,-0.0,0.47106450709310743,0.0
6.019999999999894,-0.0,0.6279051952897899,0.0
6.024999999999894,-0.0,0.7845909572751172,0.0
6.029999999999894,-0.0,0.9410831331818235,0.0
6.034999999999894,-0.0,1.097343110907111,0.0
6.0399999999998935,-0.0,1.253332335639715,0.0
6.044999999999893,-0.0,1.409012319372514,0.0
6.049999999999893,-0.0,1.5643446503989766,0.0
6.054999999999893,-0.0,1.7192910027907797,0.0
6.059999999999893,-0.0,1.8738131458539482,0.0
6.064999999999893,-0.0,2.02787295356181,0.0
6.069999999999893,-0.0,2.1814324139621295,0.0
6.074999999999893,-0.0,2.3344536385557775,0.0
6.079999999999893,-0.0,2.486898871645258,0.0
6.0849999999998925,-0.0,2.63873049965046,0.0
6.089999999999892,-0.0,2.789911060389046,0.0
6.094999999999892,-0.0,2.940403252319782,0.0
6.099999999999892,-0.0,3.0901699437462407,0.0
6.104999999999892,-0.0,3.239174181978285,0.0
6.109999999999892,-0.0,3.3873792024497296,0.0
6.114999999999892,-0.0,3.5347484377893794,0.0
6.119999999999892,-0.0,3.6812455268436146,0.0
6.124999999999892,-0.0,3.826834323647759,0.0
6.1299999999998915,-0.0,3.9714789063446645,0.0
6.134999999999891,-0.0,4.115143586047975,0.0
6.139999999999891,-0.0,4.257792915647643,0.0
6.144999999999891,-0.0,4.399391698556067,0.0
6.149999999999891,-0.0,4.539904997392414,0.0
6.154999999999891,-0.0,4.679298142602712,0.0
6.159999999999891,-0.0,4.817536741014133,0.0
6.164999999999891,-0.0,4.954586684321088,0.0
6.169999999999891,-0.0,5.09041415750076,0.0
6.174999999999891,-0.0,5.224985647156541,0.0
6.1799999999998905,-0.0,5.358267949787053,0.0
6.18499999999989,-0.0,5.49022817997844,0.0
6.18999999999989,-0.0,5.620833778518436,0.0
6.19499999999989,-0.0,5.750052520429954,0.0
6.19999999999989,-0.0,5.877852522921937,0.0
6.20499999999989,-0.0,6.004202253256057,0.0
6.20999999999989,-0.0,6.129070536527021,0.0
6.21499999999989,-0.0,6.252426563354348,0.0
6.21999999999989,-0.0,6.374239897484206,0.0
6.2249999999998895,-0.0,6.494480483299186,0.0
6.229999999999889,-0.0,6.61311865323391,0.0
6.234999999999889,-0.0,6.730125135095166,0.0
6.239999999999889,-0.0,6.845471059284339,0.0
6.244999999999889,-0.0,6.959127965920638,0.0
6.249999999999889,-0.0,7.071067811863014,0.0
6.254999999999889,-0.0,7.181262977629447,0.0
6.259999999999889,-0.0,7.28968627421172,0.0
6.264999999999889,-0.0,7.396310949783748,0.0
6.2699999999998886,-0.0,7.501110696302268,0.0
6.2749999999998884,-0.0,7.604059655998029,0.0
6.279999999999888,-0.0,7.705132427755659,0.0
6.284999999999888,-0.0,7.80430407338109,0.0
6.289999999999888,-0.0,7.901550123754744,0.0
6.294999999999888,-0.0,7.996846584868796,0.0
6.299999999999888,-0.0,8.09016994374739,0.0
6.304999999999888,-0.0,8.181497174248202,0.0
6.309999999999888,-0.0,8.270805742743635,0.0
6.314999999999888,-0.0,8.358073613680752,0.0
6.3199999999998875,-0.0,8.44327925501825,0.0
6.324999999999887,-0.0,8.526401643539073,0.0
6.329999999999887,-0.0,8.607420270037622,0.0
6.334999999999887,-0.0,8.68631514438015,0.0
6.339999999999887,-0.0,8.763066800436926,0.0
6.344999999999887,-0.0,8.837656300885277,0.0
6.349999999999887,-0.0,8.910065241882059,0.0
6.354999999999887,-0.0,8.98027575760459,0.0
6.359999999999887,-0.0,9.048270524658683,0.0
6.3649999999998865,-0.0,9.11403276635298,0.0
6.369999999999886,-0.0,9.177546256838392,0.0
6.374999999999886,-0.0,9.238795325111504,0.0
6.379999999999886,-0.0,9.297764858881191,0.0
6.384999999999886,-0.0,9.354440308297406,0.0
6.389999999999886,-0.0,9.408807689541042,0.0
6.394999999999886,-0.0,9.460853588274286,0.0
6.399999999999886,-0.0,9.510565162950426,0.0
6.404999999999886,-0.0,9.557930147982246,0.0
6.409999999999886,-0.0,9.602936856768421,0.0
6.4149999999998855,-0.0,9.645574184577029,0.0
6.419999999999885,-0.0,9.685831611285415,0.0
6.424999999999885,-0.0,9.723699203975917,0.0
6.429999999999885,-0.0,9.759167619386687,0.0
6.434999999999885,-0.0,9.792228106216927,0.0
6.439999999999885,-0.0,9.822872507286204,0.0
6.444999999999885,-0.0,9.851093261547115,0.0
6.449999999999885,-0.0,9.87688340595081,0.0
6.454999999999885,-0.0,9.900236577165062,0.0
6.4599999999998845,-0.0,9.92114701314432,0.0
6.464999999999884,-0.0,9.939609554551401,0.0
6.469999999999884,-0.0,9.95561964603046,0.0
6.474999999999884,-0.0,9.969173337330995,0.0
6.479999999999884,-0.0,9.980267284282487,0.0
6.484999999999884,-0.0,9.988898749619528,0.0
6.489999999999884,-0.0,9.995065603657201,0.0
6.494999999999884,-0.0,9.99876632481655,0.0
6.499999999999884,-0.0,10.0,0.0
6.5049999999998835,-0.0,9.998766324816664,0.0
6.509999999999883,-0.0,9.99506560365743,0.0
6.514999999999883,-0.0,9.988898749619873,0.0
6.519999999999883,-0.0,9.980267284282947,0.0
6.524999999999883,-0.0,9.96917333733157,0.0
6.529999999999883,-0.0,9.955619646031147,0.0
6.534999999999883,-0.0,9.939609554552204,0.0
6.539999999999883,-0.0,9.92114701314524,0.0
6.544999999999883,-0.0,9.900236577166094,0.0
6.549999999999883,-0.0,9.876883405951958,0.0
6.5549999999998825,-0.0,9.851093261548378,0.0
6.559999999999882,-0.0,9.822872507287581,0.0
6.564999999999882,-0.0,9.792228106218413,0.0
6.569999999999882,-0.0,9.759167619388284,0.0
6.574999999999882,-0.0,9.723699203977631,0.0
6.579999999999882,-0.0,9.685831611287231,0.0
6.584999999999882,-0.0,9.645574184578965,0.0
6.589999999999882,-0.0,9.60293685677047,0.0
6.594999999999882,-0.0,9.557930147984395,0.0
6.5999999999998815,-0.0,9.510565162952691,0.0
6.604999999999881,-0.0,9.46085358827666,0.0
6.609999999999881,-0.0,9.408807689543513,0.0
6.614999999999881,-0.0,9.354440308299997,0.0
6.619999999999881,-0.0,9.297764858883891,0.0
6.624999999999881,-0.0,9.238795325114296,0.0
6.629999999999881,-0.0,9.177546256841305,0.0
6.634999999999881,-0.0,9.114032766355997,0.0
6.639999999999881,-0.0,9.04827052466179,0.0
6.644999999999881,-0.0,8.980275757607819,0.0
6.6499999999998805,-0.0,8.91006524188539,0.0
6.65499999999988,-0.0,8.837656300888693,0.0
6.65999999999988,-0.0,8.763066800440459,0.0
6.66499999999988,-0.0,8.686315144383784,0.0
6.66999999999988,-0.0,8.607420270041356,0.0
6.67499999999988,-0.0,8.526401643542908,0.0
6.67999999999988,-0.0,8.44327925502218,0.0
6.68499999999988,-0.0,8.358073613684777,0.0
6.68999999999988,-0.0,8.27080574274776,0.0
6.6949999999998795,-0.0,8.181497174252419,0.0
6.699999999999879,-0.0,8.090169943751702,0.0
6.704999999999879,-0.0,7.996846584873176,0.0
6.709999999999879,-0.0,7.90155012375924,0.0
6.714999999999879,-0.0,7.804304073385675,0.0
6.719999999999879,-0.0,7.7051324277603115,0.0
6.724999999999879,-0.0,7.604059656002792,0.0
6.729999999999879,-0.0,7.501110696307119,0.0
6.734999999999879,-0.0,7.396310949788659,0.0
6.7399999999998785,-0.0,7.28968627421674,0.0
6.744999999999878,-0.0,7.181262977634553,0.0
6.749999999999878,-0.0,7.071067811868175,0.0
6.754999999999878,-0.0,6.959127965925905,0.0
6.759999999999878,-0.0,6.845471059289685,0.0
6.764999999999878,-0.0,6.730125135100568,0.0
6.769999999999878,-0.0,6.613118653239413,0.0
6.774999999999878,-0.0,6.494480483304765,0.0
6.779999999999878,-0.0,6.374239897489857,0.0
6.784999999999878,-0.0,6.252426563360071,0.0
6.7899999999998775,-0.0,6.129070536532815,0.0
6.794999999999877,-0.0,6.004202253261922,0.0
6.799999999999877,-0.0,5.8778525229278715,0.0
6.804999999999877,-0.0,5.750052520435953,0.0
6.809999999999877,-0.0,5.620833778524502,0.0
6.814999999999877,-0.0,5.490228179984541,0.0
6.819999999999877,-0.0,5.358267949793246,0.0
6.824999999999877,-0.0,5.224985647162795,0.0
6.829999999999877,-0.0,5.090414157507043,0.0
6.8349999999998765,-0.0,4.95458668432746,0.0
6.839999999999876,-0.0,4.81753674102056,0.0
6.844999999999876,-0.0,4.679298142609163,0.0
6.849999999999876,-0.0,4.53990499739895,0.0
6.854999999999876,-0.0,4.3993916985626536,0.0
6.859999999999876,-0.0,4.257792915654248,0.0
6.864999999999876,-0.0,4.11514358605466,0.0
6.869999999999876,-0.0,3.9714789063513956,0.0
6.874999999999876,-0.0,3.826834323654504,0.0
6.8799999999998755,-0.0,3.6812455268504345,0.0
6.884999999999875,-0.0,3.534748437796241,0.0
6.889999999999875,-0.0,3.3873792024565974,0.0
6.894999999999875,-0.0,3.2391741819852236,0.0
6.899999999999875,-0.0,3.0901699437532164,0.0
6.904999999999875,-0.0,2.9404032523267922,0.0
6.909999999999875,-0.0,2.7899110603960886,0.0
6.914999999999875,-0.0,2.638730499657535,0.0
6.919999999999875,-0.0,2.486898871652362,0.0
6.924999999999875,-0.0,2.33445363856291,0.0
6.9299999999998745,-0.0,2.1814324139692873,0.0
6.934999999999874,-0.0,2.0278729535689926,0.0
6.939999999999874,-0.0,1.8738131458611182,0.0
6.944999999999874,-0.0,1.7192910027980053,0.0
6.949999999999874,-0.0,1.5643446504062208,0.0
6.954999999999874,-0.0,1.4090123193797401,0.0
6.959999999999874,-0.0,1.2533323356469916,0.0
6.964999999999874,-0.0,1.0973431109144012,0.0
6.969999999999874,-0.0,0.9410831331890901,0.0
6.9749999999998735,-0.0,0.7845909572824292,0.0
6.979999999999873,-0.0,0.62790519529711,0.0
6.984999999999873,-0.0,0.47106450710039827,0.0
6.989999999999873,-0.0,0.3141075907852846,0.0
6.994999999999873,-0.0,0.15707317312220184,0.0
6.999999999999873,-0.0,3.987611847850593e-12,0.0
7.004999999999873,-0.0,-0.1570731731141921,0.0
7.009999999999873,-0.0,-0.31410759077727773,0.0
7.014999999999873,-0.0,-0.4710645070924318,0.0
7.019999999999873,-0.0,-0.627905195289115,0.0
7.0249999999998725,-0.0,-0.7845909572744431,0.0
7.029999999999872,-0.0,-0.9410831331811502,0.0
7.034999999999872,-0.0,-1.0973431109064389,0.0
7.039999999999872,-0.0,-1.2533323356390442,0.0
7.044999999999872,-0.0,-1.409012319371845,0.0
7.049999999999872,-0.0,-1.5643446503983085,0.0
7.054999999999872,-0.0,-1.7192910027901136,0.0
7.059999999999872,-0.0,-1.873813145853284,0.0
7.064999999999872,-0.0,-2.0278729535611824,0.0
7.0699999999998715,-0.0,-2.1814324139614696,0.0
7.074999999999871,-0.0,-2.3344536385551207,0.0
7.079999999999871,-0.0,-2.4868988716446374,0.0
7.084999999999871,-0.0,-2.638730499649808,0.0
7.089999999999871,-0.0,-2.7899110603883965,0.0
7.094999999999871,-0.0,-2.9404032523191703,0.0
7.099999999999871,-0.0,-3.0901699437455967,0.0
7.104999999999871,-0.0,-3.2391741819776447,0.0
7.109999999999871,-0.0,-3.3873792024490927,0.0
7.1149999999998705,-0.0,-3.5347484377887475,0.0
7.11999999999987,-0.0,-3.6812455268429862,0.0
7.12499999999987,-0.0,-3.826834323647136,0.0
7.12999999999987,-0.0,-3.9714789063440437,0.0
7.13499999999987,-0.0,-4.115143586047358,0.0
7.13999999999987,-0.0,-4.25779291564703,0.0
7.14499999999987,-0.0,-4.399391698555459,0.0
7.14999999999987,-0.0,-4.539904997391812,0.0
7.15499999999987,-0.0,-4.679298142602114,0.0
7.15999999999987,-0.0,-4.81753674101354,0.0
7.1649999999998695,-0.0,-4.9545866843205015,0.0
7.169999999999869,-0.0,-5.090414157500178,0.0
7.174999999999869,-0.0,-5.224985647155995,0.0
7.179999999999869,-0.0,-5.358267949786482,0.0
7.184999999999869,-0.0,-5.490228179977875,0.0
7.189999999999869,-0.0,-5.620833778517907,0.0
7.194999999999869,-0.0,-5.750052520429402,0.0
7.199999999999869,-0.0,-5.87785252292139,0.0
7.204999999999869,-0.0,-6.004202253255545,0.0
7.2099999999998685,-0.0,-6.129070536526486,0.0
7.214999999999868,-0.0,-6.25242656335382,0.0
7.219999999999868,-0.0,-6.374239897483713,0.0
7.224999999999868,-0.0,-6.4944804832986724,0.0
7.229999999999868,-0.0,-6.613118653233403,0.0
7.234999999999868,-0.0,-6.730125135094668,0.0
7.239999999999868,-0.0,-6.845471059283845,0.0
7.244999999999868,-0.0,-6.959127965920152,0.0
7.249999999999868,-0.0,-7.071067811862535,0.0
7.2549999999998676,-0.0,-7.181262977628978,0.0
7.2599999999998674,-0.0,-7.289686274211257,0.0
7.264999999999867,-0.0,-7.396310949783292,0.0
7.269999999999867,-0.0,-7.501110696301821,0.0
7.274999999999867,-0.0,-7.60405965599759,0.0
7.279999999999867,-0.0,-7.7051324277552276,0.0
7.284999999999867,-0.0,-7.804304073380667,0.0
7.289999999999867,-0.0,-7.901550123754328,0.0
7.294999999999867,-0.0,-7.996846584868388,0.0
7.299999999999867,-0.0,-8.090169943747016,0.0
7.3049999999998665,-0.0,-8.181497174247815,0.0
7.309999999999866,-0.0,-8.270805742743255,0.0
7.314999999999866,-0.0,-8.3580736136804,0.0
7.319999999999866,-0.0,-8.443279255017888,0.0
7.324999999999866,-0.0,-8.52640164353872,0.0
7.329999999999866,-0.0,-8.607420270037295,0.0
7.334999999999866,-0.0,-8.686315144379815,0.0
7.339999999999866,-0.0,-8.763066800436599,0.0
7.344999999999866,-0.0,-8.837656300884962,0.0
7.3499999999998655,-0.0,-8.910065241881751,0.0
7.354999999999865,-0.0,-8.980275757604295,0.0
7.359999999999865,-0.0,-9.048270524658394,0.0
7.364999999999865,-0.0,-9.1140327663527,0.0
7.369999999999865,-0.0,-9.177546256838125,0.0
7.374999999999865,-0.0,-9.238795325111244,0.0
7.379999999999865,-0.0,-9.297764858880944,0.0
7.384999999999865,-0.0,-9.354440308297168,0.0
7.389999999999865,-0.0,-9.408807689540815,0.0
7.394999999999865,-0.0,-9.460853588274066,0.0
7.3999999999998645,-0.0,-9.510565162950215,0.0
7.404999999999864,-0.0,-9.557930147982047,0.0
7.409999999999864,-0.0,-9.602936856768242,0.0
7.414999999999864,-0.0,-9.645574184576851,0.0
7.419999999999864,-0.0,-9.68583161128525,0.0
7.424999999999864,-0.0,-9.72369920397577,0.0
7.429999999999864,-0.0,-9.75916761938654,0.0
7.434999999999864,-0.0,-9.792228106216788,0.0
7.439999999999864,-0.0,-9.822872507286085,0.0
7.4449999999998635,-0.0,-9.851093261546998,0.0
7.449999999999863,-0.0,-9.876883405950705,0.0
7.454999999999863,-0.0,-9.900236577164971,0.0
7.459999999999863,-0.0,-9.921147013144237,0.0
7.464999999999863,-0.0,-9.939609554551327,0.0
7.469999999999863,-0.0,-9.955619646030394,0.0
7.474999999999863,-0.0,-9.96917333733094,0.0
7.479999999999863,-0.0,-9.980267284282446,0.0
7.484999999999863,-0.0,-9.988898749619498,0.0
7.4899999999998625,-0.0,-9.99506560365718,0.0
7.494999999999862,-0.0,-9.998766324816538,0.0
7.499999999999862,-0.0,-10.0,0.0
7.504999999999862,-0.0,-9.998766324816675,0.0
7.509999999999862,-0.0,-9.995065603657453,0.0
7.514999999999862,-0.0,-9.988898749619905,0.0
7.519999999999862,-0.0,-9.98026728428299,0.0
7.524999999999862,-0.0,-9.969173337331622,0.0
7.529999999999862,-0.0,-9.95561964603121,0.0
7.534999999999862,-0.0,-9.939609554552273,0.0
7.5399999999998615,-0.0,-9.921147013145326,0.0
7.544999999999861,-0.0,-9.90023657716619,0.0
7.549999999999861,-0.0,-9.876883405952059,0.0
7.554999999999861,-0.0,-9.851093261548494,0.0
7.559999999999861,-0.0,-9.822872507287707,0.0
7.564999999999861,-0.0,-9.792228106218543,0.0
7.569999999999861,-0.0,-9.759167619388432,0.0
7.574999999999861,-0.0,-9.72369920397779,0.0
7.579999999999861,-0.0,-9.685831611287398,0.0
7.5849999999998605,-0.0,-9.645574184579143,0.0
7.58999999999986,-0.0,-9.602936856770656,0.0
7.59499999999986,-0.0,-9.55793014798459,0.0
7.59999999999986,-0.0,-9.5105651629529,0.0
7.60499999999986,-0.0,-9.46085358827688,0.0
7.60999999999986,-0.0,-9.408807689543744,0.0
7.61499999999986,-0.0,-9.354440308300235,0.0
7.61999999999986,-0.0,-9.297764858884142,0.0
7.62499999999986,-0.0,-9.238795325114557,0.0
7.62999999999986,-0.0,-9.177546256841575,0.0
7.6349999999998595,-0.0,-9.114032766356278,0.0
7.639999999999859,-0.0,-9.048270524662078,0.0
7.644999999999859,-0.0,-8.980275757608098,0.0
7.649999999999859,-0.0,-8.910065241885695,0.0
7.654999999999859,-0.0,-8.837656300889009,0.0
7.659999999999859,-0.0,-8.763066800440768,0.0
7.664999999999859,-0.0,-8.68631514438412,0.0
7.669999999999859,-0.0,-8.607420270041699,0.0
7.674999999999859,-0.0,-8.52640164354324,0.0
7.6799999999998585,-0.0,-8.443279255022544,0.0
7.684999999999858,-0.0,-8.35807361368515,0.0
7.689999999999858,-0.0,-8.27080574274812,0.0
7.694999999999858,-0.0,-8.181497174252808,0.0
7.699999999999858,-0.0,-8.0901699437521,0.0
7.704999999999858,-0.0,-7.996846584873584,0.0
7.709999999999858,-0.0,-7.901550123759655,0.0
7.714999999999858,-0.0,-7.804304073386097,0.0
7.719999999999858,-0.0,-7.705132427760742,0.0
7.7249999999998575,-0.0,-7.604059656003232,0.0
7.729999999999857,-0.0,-7.501110696307566,0.0
7.734999999999857,-0.0,-7.3963109497891155,0.0
7.739999999999857,-0.0,-7.289686274217204,0.0
7.744999999999857,-0.0,-7.181262977635022,0.0
7.749999999999857,-0.0,-7.071067811868654,0.0
7.754999999999857,-0.0,-6.959127965926391,0.0
7.759999999999857,-0.0,-6.845471059290177,0.0
7.764999999999857,-0.0,-6.730125135101066,0.0
7.769999999999857,-0.0,-6.613118653239893,0.0
7.7749999999998565,-0.0,-6.494480483305278,0.0
7.779999999999856,-0.0,-6.374239897490378,0.0
7.784999999999856,-0.0,-6.252426563360571,0.0
7.789999999999856,-0.0,-6.12907053653335,0.0
7.794999999999856,-0.0,-6.004202253262462,0.0
7.799999999999856,-0.0,-5.877852522928389,0.0
7.804999999999856,-0.0,-5.750052520436507,0.0
7.809999999999856,-0.0,-5.6208337785250615,0.0
7.814999999999856,-0.0,-5.490228179985106,0.0
7.8199999999998555,-0.0,-5.358267949793817,0.0
7.824999999999855,-0.0,-5.22498564716337,0.0
7.829999999999855,-0.0,-5.090414157507626,0.0
7.834999999999855,-0.0,-4.954586684328047,0.0
7.839999999999855,-0.0,-4.817536741021152,0.0
7.844999999999855,-0.0,-4.67929814260976,0.0
7.849999999999855,-0.0,-4.539904997399552,0.0
7.854999999999855,-0.0,-4.399391698563261,0.0
7.859999999999855,-0.0,-4.257792915654861,0.0
7.8649999999998546,-0.0,-4.115143586055276,0.0
7.8699999999998544,-0.0,-3.971478906352016,0.0
7.874999999999854,-0.0,-3.8268343236551283,0.0
7.879999999999854,-0.0,-3.681245526851029,0.0
7.884999999999854,-0.0,-3.534748437796873,0.0
7.889999999999854,-0.0,-3.387379202457234,0.0
7.894999999999854,-0.0,-3.23917418198583,0.0
7.899999999999854,-0.0,-3.0901699437538586,0.0
7.904999999999854,-0.0,-2.9404032523274384,0.0
7.909999999999854,-0.0,-2.7899110603967046,0.0
7.9149999999998535,-0.0,-2.6387304996581875,0.0
7.919999999999853,-0.0,-2.486898871653017,0.0
7.924999999999853,-0.0,-2.3344536385635326,0.0
7.929999999999853,-0.0,-2.1814324139699477,0.0
7.934999999999853,-0.0,-2.0278729535696542,0.0
7.939999999999853,-0.0,-1.873813145861782,0.0
7.944999999999853,-0.0,-1.7192910027986712,0.0
7.949999999999853,-0.0,-1.5643446504068883,0.0
7.954999999999853,-0.0,-1.4090123193804098,0.0
7.9599999999998525,-0.0,-1.2533323356476624,0.0
7.964999999999852,-0.0,-1.0973431109150733,0.0
7.969999999999852,-0.0,-0.9410831331897633,0.0
7.974999999999852,-0.0,-0.7845909572831032,0.0
7.979999999999852,-0.0,-0.6279051952977851,0.0
7.984999999999852,-0.0,-0.4710645071010737,0.0
7.989999999999852,-0.0,-0.3141075907859604,0.0
7.994999999999852,-0.0,-0.157073173122878,0.0
7.999999999999852,-0.0,-4.6638520936218354e-12,0.0
8.004999999999852,-0.0,0.15707317311355148,0.0
8.009999999999852,-0.0,0.3141075907766373,0.0
8.014999999999853,-0.0,0.4710645070917919,0.0
8.019999999999854,-0.0,0.6279051952885464,0.0
8.024999999999855,-0.0,0.7845909572738751,0.0
8.029999999999855,-0.0,0.9410831331806184,0.0
8.034999999999856,-0.0,1.0973431109059433,0.0
8.039999999999857,-0.0,1.2533323356385844,0.0
8.044999999999858,-0.0,1.409012319371386,0.0
8.049999999999859,-0.0,1.5643446503979217,0.0
8.05499999999986,-0.0,1.7192910027897277,0.0
8.05999999999986,-0.0,1.873813145852934,0.0
8.064999999999861,-0.0,2.0278729535608337,0.0
8.069999999999862,-0.0,2.181432413961191,0.0
8.074999999999863,-0.0,2.3344536385548427,0.0
8.079999999999863,-0.0,2.486898871644395,0.0
8.084999999999864,-0.0,2.6387304996496015,0.0
8.089999999999865,-0.0,2.789911060388191,0.0
8.094999999999866,-0.0,2.9404032523189993,0.0
8.099999999999866,-0.0,3.090169943745461,0.0
8.104999999999867,-0.0,3.2391741819775426,0.0
8.109999999999868,-0.0,3.387379202448992,0.0
8.114999999999869,-0.0,3.5347484377887124,0.0
8.11999999999987,-0.0,3.6812455268429516,0.0
8.12499999999987,-0.0,3.8268343236471343,0.0
8.129999999999871,-0.0,3.9714789063440747,0.0
8.134999999999872,-0.0,4.115143586047423,0.0
8.139999999999873,-0.0,4.257792915647094,0.0
8.144999999999873,-0.0,4.399391698555586,0.0
8.149999999999874,-0.0,4.539904997391937,0.0
8.154999999999875,-0.0,4.679298142602271,0.0
8.159999999999876,-0.0,4.8175367410137255,0.0
8.164999999999877,-0.0,4.954586684320686,0.0
8.169999999999877,-0.0,5.090414157500391,0.0
8.174999999999878,-0.0,5.224985647156206,0.0
8.179999999999879,-0.0,5.358267949786751,0.0
8.18499999999988,-0.0,5.490228179978141,0.0
8.18999999999988,-0.0,5.620833778518199,0.0
8.194999999999881,-0.0,5.75005252042972,0.0
8.199999999999882,-0.0,5.877852522921734,0.0
8.204999999999883,-0.0,6.004202253255882,0.0
8.209999999999884,-0.0,6.1290705365268785,0.0
8.214999999999884,-0.0,6.2524265633542075,0.0
8.219999999999885,-0.0,6.374239897484123,0.0
8.224999999999886,-0.0,6.494480483299103,0.0
8.229999999999887,-0.0,6.61311865323383,0.0
8.234999999999888,-0.0,6.730125135095113,0.0
8.239999999999888,-0.0,6.845471059284311,0.0
8.244999999999889,-0.0,6.959127965920636,0.0
8.24999999999989,-0.0,7.071067811863013,0.0
8.25499999999989,-0.0,7.181262977629494,0.0
8.259999999999891,-0.0,7.289686274211766,0.0
8.264999999999892,-0.0,7.396310949783817,0.0
8.269999999999893,-0.0,7.50111069630236,0.0
8.274999999999894,-0.0,7.604059655998143,0.0
8.279999999999895,-0.0,7.705132427755769,0.0
8.284999999999895,-0.0,7.8043040733812425,0.0
8.289999999999896,-0.0,7.901550123754894,0.0
8.294999999999897,-0.0,7.9968465848689645,0.0
8.299999999999898,-0.0,8.09016994374758,0.0
8.304999999999898,-0.0,8.181497174248385,0.0
8.3099999999999,-0.0,8.270805742743834,0.0
8.3149999999999,-0.0,8.358073613680965,0.0
8.3199999999999,-0.0,8.443279255018478,0.0
8.324999999999902,-0.0,8.526401643539295,0.0
8.329999999999902,-0.0,8.607420270037874,0.0
8.334999999999903,-0.0,8.686315144380398,0.0
8.339999999999904,-0.0,8.76306680043718,0.0
8.344999999999905,-0.0,8.837656300885525,0.0
8.349999999999905,-0.0,8.91006524188233,0.0
8.354999999999906,-0.0,8.980275757604854,0.0
8.359999999999907,-0.0,9.048270524658953,0.0
8.364999999999908,-0.0,9.114032766353256,0.0
8.369999999999909,-0.0,9.177546256838674,0.0
8.37499999999991,-0.0,9.238795325111774,0.0
8.37999999999991,-0.0,9.297764858881465,0.0
8.384999999999911,-0.0,9.354440308297681,0.0
8.389999999999912,-0.0,9.408807689541307,0.0
8.394999999999913,-0.0,9.460853588274562,0.0
8.399999999999913,-0.0,9.510565162950686,0.0
8.404999999999914,-0.0,9.557930147982509,0.0
8.409999999999915,-0.0,9.602936856768679,0.0
8.414999999999916,-0.0,9.645574184577281,0.0
8.419999999999916,-0.0,9.685831611285654,0.0
8.424999999999917,-0.0,9.72369920397616,0.0
8.429999999999918,-0.0,9.75916761938691,0.0
8.434999999999919,-0.0,9.792228106217141,0.0
8.43999999999992,-0.0,9.822872507286409,0.0
8.44499999999992,-0.0,9.85109326154731,0.0
8.449999999999921,-0.0,9.876883405950988,0.0
8.454999999999922,-0.0,9.900236577165227,0.0
8.459999999999923,-0.0,9.921147013144472,0.0
8.464999999999923,-0.0,9.93960955455153,0.0
8.469999999999924,-0.0,9.955619646030575,0.0
8.474999999999925,-0.0,9.969173337331094,0.0
8.479999999999926,-0.0,9.980267284282569,0.0
8.484999999999927,-0.0,9.98889874961959,0.0
8.489999999999927,-0.0,9.995065603657245,0.0
8.494999999999928,-0.0,9.99876632481657,0.0
8.499999999999929,-0.0,10.0,0.0
8.50499999999993,-0.0,9.998766324816641,0.0
8.50999999999993,-0.0,9.995065603657384,0.0
8.514999999999931,-0.0,9.988898749619802,0.0
8.519999999999932,-0.0,9.98026728428285,0.0
8.524999999999933,-0.0,9.969173337331448,0.0
8.529999999999934,-0.0,9.955619646030998,0.0
8.534999999999934,-0.0,9.939609554552023,0.0
8.539999999999935,-0.0,9.921147013145037,0.0
8.544999999999936,-0.0,9.900236577165863,0.0
8.549999999999937,-0.0,9.876883405951691,0.0
8.554999999999938,-0.0,9.851093261548078,0.0
8.559999999999938,-0.0,9.822872507287256,0.0
8.564999999999939,-0.0,9.792228106218046,0.0
8.56999999999994,-0.0,9.75916761938789,0.0
8.57499999999994,-0.0,9.723699203977201,0.0
8.579999999999941,-0.0,9.685831611286773,0.0
8.584999999999942,-0.0,9.645574184578459,0.0
8.589999999999943,-0.0,9.602936856769933,0.0
8.594999999999944,-0.0,9.55793014798382,0.0
8.599999999999945,-0.0,9.510565162952076,0.0
8.604999999999945,-0.0,9.460853588276018,0.0
8.609999999999946,-0.0,9.408807689542831,0.0
8.614999999999947,-0.0,9.354440308299273,0.0
8.619999999999948,-0.0,9.297764858883122,0.0
8.624999999999948,-0.0,9.238795325113497,0.0
8.62999999999995,-0.0,9.177546256840444,0.0
8.63499999999995,-0.0,9.114032766355107,0.0
8.63999999999995,-0.0,9.048270524660854,0.0
8.644999999999952,-0.0,8.980275757606833,0.0
8.649999999999952,-0.0,8.910065241884356,0.0
8.654999999999953,-0.0,8.837656300887632,0.0
8.659999999999954,-0.0,8.763066800439333,0.0
8.664999999999955,-0.0,8.686315144382624,0.0
8.669999999999956,-0.0,8.607420270040144,0.0
8.674999999999956,-0.0,8.526401643541647,0.0
8.679999999999957,-0.0,8.443279255020888,0.0
8.684999999999958,-0.0,8.358073613683434,0.0
8.689999999999959,-0.0,8.270805742746361,0.0
8.69499999999996,-0.0,8.181497174250968,0.0
8.69999999999996,-0.0,8.090169943750222,0.0
8.704999999999961,-0.0,7.996846584871644,0.0
8.709999999999962,-0.0,7.901550123757652,0.0
8.714999999999963,-0.0,7.804304073384034,0.0
8.719999999999963,-0.0,7.705132427758637,0.0
8.724999999999964,-0.0,7.6040596560010405,0.0
8.729999999999965,-0.0,7.501110696305335,0.0
8.734999999999966,-0.0,7.39631094978682,0.0
8.739999999999966,-0.0,7.289686274214846,0.0
8.744999999999967,-0.0,7.181262977632601,0.0
8.749999999999968,-0.0,7.071067811866193,0.0
8.754999999999969,-0.0,6.959127965923866,0.0
8.75999999999997,-0.0,6.845471059287589,0.0
8.76499999999997,-0.0,6.730125135098438,0.0
8.769999999999971,-0.0,6.613118653237202,0.0
8.774999999999972,-0.0,6.494480483302523,0.0
8.779999999999973,-0.0,6.37423989748756,0.0
8.784999999999973,-0.0,6.252426563357717,0.0
8.789999999999974,-0.0,6.129070536530402,0.0
8.794999999999975,-0.0,6.004202253259481,0.0
8.799999999999976,-0.0,5.877852522925343,0.0
8.804999999999977,-0.0,5.750052520433399,0.0
8.809999999999977,-0.0,5.620833778521889,0.0
8.814999999999978,-0.0,5.490228179981899,0.0
8.819999999999979,-0.0,5.358267949790518,0.0
8.82499999999998,-0.0,5.2249856471600395,0.0
8.82999999999998,-0.0,5.090414157504261,0.0
8.834999999999981,-0.0,4.954586684324592,0.0
8.839999999999982,-0.0,4.817536741017666,0.0
8.844999999999983,-0.0,4.679298142606213,0.0
8.849999999999984,-0.0,4.539904997395944,0.0
8.854999999999984,-0.0,4.399391698559594,0.0
8.859999999999985,-0.0,4.257792915651164,0.0
8.864999999999986,-0.0,4.115143586051487,0.0
8.869999999999987,-0.0,3.971478906348203,0.0
8.874999999999988,-0.0,3.8268343236512563,0.0
8.879999999999988,-0.0,3.6812455268471336,0.0
8.88499999999999,-0.0,3.5347484377928864,0.0
8.88999999999999,-0.0,3.387379202453223,0.0
8.89499999999999,-0.0,3.239174181981798,0.0
8.899999999999991,-0.0,3.0901699437497383,0.0
8.904999999999992,-0.0,2.9404032523232972,0.0
8.909999999999993,-0.0,2.789911060392509,0.0
8.914999999999994,-0.0,2.638730499653939,0.0
8.919999999999995,-0.0,2.486898871648717,0.0
8.924999999999995,-0.0,2.334453638559216,0.0
8.929999999999996,-0.0,2.1814324139655454,0.0
8.934999999999997,-0.0,2.0278729535652373,0.0
8.939999999999998,-0.0,1.8738131458573164,0.0
8.944999999999999,-0.0,1.719291002794158,0.0
8.95,-0.0,1.5643446504023284,0.0
8.955,-0.0,1.4090123193758386,0.0
8.96,-0.0,1.253332335643011,0.0
8.965000000000002,-0.0,1.0973431109104135,0.0
8.970000000000002,-0.0,0.9410831331850956,0.0
8.975000000000003,-0.0,0.7845909572783584,0.0
8.980000000000004,-0.0,0.6279051952930348,0.0
8.985000000000005,-0.0,0.47106450709628395,0.0
8.990000000000006,-0.0,0.31410759078113243,0.0
8.995000000000006,-0.0,0.15707317311801264,0.0
9.000000000000007,-0.0,-2.0214099953570387e-13,0.0
9.005000000000008,-0.0,-0.1570731731184524,0.0
9.010000000000009,-0.0,-0.3141075907815365,0.0
9.01500000000001,-0.0,-0.47106450709672343,0.0
9.02000000000001,-0.0,-0.6279051952934385,0.0
9.025000000000011,-0.0,-0.784590957278797,0.0
9.030000000000012,-0.0,-0.9410831331854982,0.0
9.035000000000013,-0.0,-1.0973431109108505,0.0
9.040000000000013,-0.0,-1.2533323356434471,0.0
9.045000000000014,-0.0,-1.4090123193762385,0.0
9.050000000000015,-0.0,-1.5643446504027627,0.0
9.055000000000016,-0.0,-1.719291002794556,0.0
9.060000000000016,-0.0,-1.8738131458577483,0.0
9.065000000000017,-0.0,-2.027872953565633,0.0
9.070000000000018,-0.0,-2.1814324139659744,0.0
9.075000000000019,-0.0,-2.334453638559609,0.0
9.08000000000002,-0.0,-2.4868988716491423,0.0
9.08500000000002,-0.0,-2.6387304996543293,0.0
9.090000000000021,-0.0,-2.789911060392932,0.0
9.095000000000022,-0.0,-2.9404032523236836,0.0
9.100000000000023,-0.0,-3.090169943750156,0.0
9.105000000000024,-0.0,-3.23917418198218,0.0
9.110000000000024,-0.0,-3.3873792024536367,0.0
9.115000000000025,-0.0,-3.534748437793298,0.0
9.120000000000026,-0.0,-3.6812455268475097,0.0
9.125000000000027,-0.0,-3.8268343236516618,0.0
9.130000000000027,-0.0,-3.9714789063485743,0.0
9.135000000000028,-0.0,-4.1151435860518895,0.0
9.140000000000029,-0.0,-4.25779291565153,0.0
9.14500000000003,-0.0,-4.399391698559988,0.0
9.15000000000003,-0.0,-4.539904997396304,0.0
9.155000000000031,-0.0,-4.679298142606603,0.0
9.160000000000032,-0.0,-4.817536741018021,0.0
9.165000000000033,-0.0,-4.954586684324974,0.0
9.170000000000034,-0.0,-5.09041415750461,0.0
9.175000000000034,-0.0,-5.224985647160414,0.0
9.180000000000035,-0.0,-5.358267949790889,0.0
9.185000000000036,-0.0,-5.490228179982269,0.0
9.190000000000037,-0.0,-5.620833778522254,0.0
9.195000000000038,-0.0,-5.750052520433729,0.0
9.200000000000038,-0.0,-5.8778525229257,0.0
9.20500000000004,-0.0,-6.004202253259804,0.0
9.21000000000004,-0.0,-6.12907053653075,0.0
9.21500000000004,-0.0,-6.252426563358032,0.0
9.220000000000041,-0.0,-6.374239897487898,0.0
9.225000000000042,-0.0,-6.494480483302832,0.0
9.230000000000043,-0.0,-6.613118653237533,0.0
9.235000000000044,-0.0,-6.7301251350987386,0.0
9.240000000000045,-0.0,-6.845471059287909,0.0
9.245000000000045,-0.0,-6.959127965924158,0.0
9.250000000000046,-0.0,-7.071067811866504,0.0
9.255000000000047,-0.0,-7.181262977632907,0.0
9.260000000000048,-0.0,-7.289686274215146,0.0
9.265000000000049,-0.0,-7.396310949787116,0.0
9.27000000000005,-0.0,-7.501110696305602,0.0
9.27500000000005,-0.0,-7.604059656001326,0.0
9.28000000000005,-0.0,-7.705132427758895,0.0
9.285000000000052,-0.0,-7.8043040733843085,0.0
9.290000000000052,-0.0,-7.9015501237578984,0.0
9.295000000000053,-0.0,-7.996846584871908,0.0
9.300000000000054,-0.0,-8.09016994375046,0.0
9.305000000000055,-0.0,-8.181497174251225,0.0
9.310000000000056,-0.0,-8.27080574274659,0.0
9.315000000000056,-0.0,-8.358073613683677,0.0
9.320000000000057,-0.0,-8.443279255021105,0.0
9.325000000000058,-0.0,-8.526401643541876,0.0
9.330000000000059,-0.0,-8.607420270040368,0.0
9.33500000000006,-0.0,-8.686315144382844,0.0
9.34000000000006,-0.0,-8.763066800439542,0.0
9.345000000000061,-0.0,-8.837656300887819,0.0
9.350000000000062,-0.0,-8.910065241884556,0.0
9.355000000000063,-0.0,-8.98027575760701,0.0
9.360000000000063,-0.0,-9.048270524661042,0.0
9.365000000000064,-0.0,-9.114032766355272,0.0
9.370000000000065,-0.0,-9.177546256840621,0.0
9.375000000000066,-0.0,-9.23879532511365,0.0
9.380000000000067,-0.0,-9.297764858883284,0.0
9.385000000000067,-0.0,-9.354440308299413,0.0
9.390000000000068,-0.0,-9.408807689542979,0.0
9.395000000000069,-0.0,-9.460853588276152,0.0
9.40000000000007,-0.0,-9.510565162952213,0.0
9.40500000000007,-0.0,-9.55793014798395,0.0
9.410000000000071,-0.0,-9.602936856770057,0.0
9.415000000000072,-0.0,-9.645574184578576,0.0
9.420000000000073,-0.0,-9.685831611286872,0.0
9.425000000000074,-0.0,-9.723699203977302,0.0
9.430000000000074,-0.0,-9.759167619387979,0.0
9.435000000000075,-0.0,-9.792228106218134,0.0
9.440000000000076,-0.0,-9.82287250728733,0.0
9.445000000000077,-0.0,-9.851093261548156,0.0
9.450000000000077,-0.0,-9.876883405951755,0.0
9.455000000000078,-0.0,-9.900236577165922,0.0
9.460000000000079,-0.0,-9.921147013145088,0.0
9.46500000000008,-0.0,-9.939609554552073,0.0
9.47000000000008,-0.0,-9.955619646031037,0.0
9.475000000000081,-0.0,-9.96917333733148,0.0
9.480000000000082,-0.0,-9.980267284282876,0.0
9.485000000000083,-0.0,-9.988898749619821,0.0
9.490000000000084,-0.0,-9.995065603657398,0.0
9.495000000000084,-0.0,-9.998766324816646,0.0
9.500000000000085,-0.0,-10.0,0.0
9.505000000000086,-0.0,-9.998766324816566,0.0
9.510000000000087,-0.0,-9.995065603657231,0.0
9.515000000000088,-0.0,-9.98889874961957,0.0
9.520000000000088,-0.0,-9.980267284282544,0.0
9.52500000000009,-0.0,-9.969173337331062,0.0
9.53000000000009,-0.0,-9.955619646030534,0.0
9.53500000000009,-0.0,-9.939609554551486,0.0
9.540000000000092,-0.0,-9.921147013144418,0.0
9.545000000000092,-0.0,-9.900236577165169,0.0
9.550000000000093,-0.0,-9.87688340595092,0.0
9.555000000000094,-0.0,-9.851093261547234,0.0
9.560000000000095,-0.0,-9.822872507286336,0.0
9.565000000000095,-0.0,-9.792228106217053,0.0
9.570000000000096,-0.0,-9.75916761938682,0.0
9.575000000000097,-0.0,-9.723699203976055,0.0
9.580000000000098,-0.0,-9.685831611285556,0.0
9.585000000000099,-0.0,-9.645574184577166,0.0
9.5900000000001,-0.0,-9.602936856768565,0.0
9.5950000000001,-0.0,-9.557930147982377,0.0
9.600000000000101,-0.0,-9.510565162950561,0.0
9.605000000000102,-0.0,-9.460853588274418,0.0
9.610000000000102,-0.0,-9.40880768954117,0.0
9.615000000000103,-0.0,-9.354440308297526,0.0
9.620000000000104,-0.0,-9.297764858881315,0.0
9.625000000000105,-0.0,-9.238795325111608,0.0
9.630000000000106,-0.0,-9.177546256838498,0.0
9.635000000000106,-0.0,-9.114032766353091,0.0
9.640000000000107,-0.0,-9.048270524658765,0.0
9.645000000000108,-0.0,-8.980275757604677,0.0
9.650000000000109,-0.0,-8.910065241882132,0.0
9.65500000000011,-0.0,-8.837656300885335,0.0
9.66000000000011,-0.0,-8.763066800436972,0.0
9.665000000000111,-0.0,-8.686315144380197,0.0
9.670000000000112,-0.0,-8.60742027003765,0.0
9.675000000000113,-0.0,-8.526401643539083,0.0
9.680000000000113,-0.0,-8.443279255018242,0.0
9.685000000000114,-0.0,-8.358073613680743,0.0
9.690000000000115,-0.0,-8.270805742743587,0.0
9.695000000000116,-0.0,-8.18149717424815,0.0
9.700000000000117,-0.0,-8.09016994374732,0.0
9.705000000000117,-0.0,-7.996846584868701,0.0
9.710000000000118,-0.0,-7.901550123754648,0.0
9.715000000000119,-0.0,-7.804304073380969,0.0
9.72000000000012,-0.0,-7.7051324277555135,0.0
9.72500000000012,-0.0,-7.604059655997857,0.0
9.730000000000121,-0.0,-7.501110696302095,0.0
9.735000000000122,-0.0,-7.39631094978352,0.0
9.740000000000123,-0.0,-7.28968627421149,0.0
9.745000000000124,-0.0,-7.181262977629189,0.0
9.750000000000124,-0.0,-7.071067811862727,0.0
9.755000000000125,-0.0,-6.95912796592032,0.0
9.760000000000126,-0.0,-6.845471059284015,0.0
9.765000000000127,-0.0,-6.730125135094788,0.0
9.770000000000127,-0.0,-6.613118653233525,0.0
9.775000000000128,-0.0,-6.494480483298769,0.0
9.780000000000129,-0.0,-6.3742398974837835,0.0
9.78500000000013,-0.0,-6.252426563353891,0.0
9.79000000000013,-0.0,-6.129070536526531,0.0
9.795000000000131,-0.0,-6.004202253255561,0.0
9.800000000000132,-0.0,-5.877852522921377,0.0
9.805000000000133,-0.0,-5.750052520429389,0.0
9.810000000000134,-0.0,-5.620833778517835,0.0
9.815000000000135,-0.0,-5.490228179977804,0.0
9.820000000000135,-0.0,-5.358267949786379,0.0
9.825000000000136,-0.0,-5.22498564715586,0.0
9.830000000000137,-0.0,-5.090414157500013,0.0
9.835000000000138,-0.0,-4.954586684320334,0.0
9.840000000000138,-0.0,-4.81753674101334,0.0
9.84500000000014,-0.0,-4.679298142601882,0.0
9.85000000000014,-0.0,-4.539904997391545,0.0
9.85500000000014,-0.0,-4.399391698555191,0.0
9.860000000000142,-0.0,-4.2577929156467285,0.0
9.865000000000142,-0.0,-4.115143586047021,0.0
9.870000000000143,-0.0,-3.9714789063437035,0.0
9.875000000000144,-0.0,-3.826834323646729,0.0
9.880000000000145,-0.0,-3.6812455268425754,0.0
9.885000000000145,-0.0,-3.5347484377883016,0.0
9.890000000000146,-0.0,-3.3873792024486122,0.0
9.895000000000147,-0.0,-3.239174181977127,0.0
9.900000000000148,-0.0,-3.0901699437450763,0.0
9.905000000000149,-0.0,-2.940403252318578,0.0
9.91000000000015,-0.0,-2.7899110603878023,0.0
9.91500000000015,-0.0,-2.6387304996491774,0.0
9.920000000000151,-0.0,-2.486898871643969,0.0
9.925000000000152,-0.0,-2.334453638554415,0.0
9.930000000000152,-0.0,-2.1814324139607617,0.0
9.935000000000153,-0.0,-2.0278729535604376,0.0
9.940000000000154,-0.0,-1.8738131458525018,0.0
9.945000000000155,-0.0,-1.7192910027893293,0.0
9.950000000000156,-0.0,-1.564344650397487,0.0
9.955000000000156,-0.0,-1.4090123193709856,0.0
9.960000000000157,-0.0,-1.2533323356381483,0.0
9.965000000000158,-0.0,-1.0973431109055414,0.0
9.970000000000159,-0.0,-0.9410831331801808,0.0
9.97500000000016,-0.0,-0.7845909572734723,0.0
9.98000000000016,-0.0,-0.6279051952881076,0.0
9.985000000000161,-0.0,-0.47106450709138803,0.0
9.990000000000162,-0.0,-0.31410759077619776,0.0
9.995000000000163,-0.0,-0.1570731731131117,0.0
